,index,job_desc
0,83f882108ba070bc,"The Sony Pictures Entertainment Professional Trainee program offers a unique opportunity to work alongside the teams that come together to create movies, TV shows, and other great experiences. These paid assignments provide meaningful and productive work that allow you to build your resume, experience and develop your skills further. You will be provided with challenging tasks, real-world experience, valuable networking opportunities, and many educational and social opportunities. Trainees will work remotely with the potential of working in the office location at a later time.
The Security Safety & Sustainability Dept (S3) is responsible for protecting SPE’s workforce, global productions, facilities, and driving important sustainability initiatives worldwide. This involves development and execution of programs to mitigate risk and ensure the safety and security of staff, assets and operations - spanning over 120 offices in 50 countries across the globe.
The focus for this Emergency Preparedness trainee position will be to support the enterprise resilience program, which also includes Crisis Management and Business Continuity.
A successful candidate will be a self-starter with a passion for planning, problem-solving, teamwork, hands-on operations, and keeping people safe. Candidates should have strong communication skills and the ability to foster cooperation amongst disparate teams and groups. Flexibility and demonstrated skills in managing multiple tasks are also critical for success in this role.
The essential functions of this role include:
Assessment, inventory and management of emergency supplies.
Collaboration in the development and/or refinement and execution of emergency and disaster plans, policies, procedures, and checklists.
Planning and participation in multi-disciplinary group activities, meetings, and drills involving internal departments and outside agencies (fire, police, emergency response teams, etc.).
Research, analysis, and assessment of global emergency management and preparedness needs.
Preparation of written materials, presentations, graphics and other materials related to emergency management programs.
Cross-functional collaboration through working with other staff in the development, coordination, and support of other emergency management program activities.
Management/coordination of volunteers and advocates both in and outside of the department.
Performance of other emergency preparedness and management duties as assigned.
QUALIFICATIONS:
Ability to work effectively both individually and as a team
Excellent oral, organizational and written communication skills
Interest and skills in problem-solving, creative thinking, and handling a variety of tasks
Adept in Microsoft Word, PowerPoint, and Excel (Visio and SharePoint also helpful)
Additional qualifications and experience that may be helpful include:
Knowledge of the functions of emergency management including mitigation, preparedness, response, and recovery.
Knowledge of natural and human caused hazards.
Knowledge of incident command systems and emergency/recovery support functions.Sony Pictures Entertainment is an equal opportunity employer. We evaluate qualified applicants without regard to race, color, religion, sex, national origin, disability, veteran status, age, sexual orientation, gender identity, or other protected characteristics."
1,389725f97041bb80,"The Junior Sustainability Engineer (JSE) primary responsibility is to ensure compliance with global environmental regulation for Belkin’s products. Responsibilities also include ensuring compliance with our extended producer responsibilities (EPR) globally. This includes report submissions of Waste in Electrical and Electronic Equipment (WEEE) packaging waster, and battery reports for products imported into each respective country or state. The JSE is also responsible for the execution of business processes that help to ensure compliance in this area.
Specific responsibilities include:
Design, plan and perform engineering duties in the prevention, control, and abatement of environmental liabilities and concerns, utilizing various engineering disciplines.
Manage suppliers and lab communication along with respective departments to ensure timely submission and completion of supplier product declarations and test reports.
Collaborate with respective Program Managers to communicate the sustainability test plan for every program during planning stage, highlighting any special customer requirements, and revising the document when necessary.
Analyze retail channel partners’ product environmental requirements and perform the gap analysis between Belkin and retail channel partners, customer, & government specifications.
Track and report weekly project status to verify if deliverables are on schedule.
Educate various Belkin departments and suppliers to ensure they understand global sustainability requirements as directed by the Sustainability manager.
Assist in data collection for EPR submissions in each applicable country. Conduct Quality check and gap analysis for each report.
Analyze packaging BOM to influence packaging material selection to minimize single use plastic.
Assist in data collection for Belkin facilities for Belkin’s annual sustainability report.
Assist with UL WERC submissions via UL WERC’s portal as per customer request.
Respond timely to customer environmental requests.
Conduct “cradle to grave” lifecycle assessment of Belkin’s products.
Support all other reporting and data analysis function within the Sustainability Department.
Comply with Health and Safety requirements of Belkin
Maintain a safe and clean work environment.
Understand and follow company rules and regulations.
Perform all other duties as assigned and required.
Education and Experience Requirements:
Bachelor’s Degree in Environmental Science or equivalent preferred
1-2 years of working experience in environmental sustainability or related field.
Proficient in Word, Excel and PowerPoint
Interest in consumer electronics/technology sector
Demonstrate excellent written and verbal communication skills
Ability to work in a team environment, leading internal and external multi-functional teams
Have the ability and desire to work in a fast-paced environment
Working knowledge of consumer electronics and B2B and retail a plus
What you’re getting into

We’ve got big collaborative spaces for your big ideas, so bring an open mind and leave your suit in the closet. We all are committed to creating unique and rewarding consumer experiences. Everyone is interested in succeeding – for the team, for themselves and for the business. Cross-functionally and across the company, everyone has common goals and aspires to be their best.

You will learn something new or at least look at things differently every day. There are so many smart and creative people around that you’ll be motivated to pursue the ideal.

Team spirit is infectious. Belkin is an extremely open workplace, where communication is essential. Not every idea will be accepted, but you’ll be asked for your point of view. Innovation thrives on multiple and varied levels. At Belkin we challenge conventional wisdom and refuse to accept that something cannot be done.

We are committed to diversity. Belkin is an Equal Opportunity and Affirmative Action Employer M/F/D/V. We maintain a drug-free workplace.
All candidates applying for a job in the EMEA region, please review the Applicant Privacy notice
Location:
Playa Vista, California"
2,2de7b3821880203c,"48,000 people. 49 countries. Over 120 office locations.

We’re not just engineers. We’re a global team of data scientists, consultants, construction workers and innovators all working to create a better tomorrow. Every day, we help customers in energy, chemicals and resources get one step closer to solving our planet’s toughest issues. Climate change. The energy transition. Digital transformation. And how we can deliver a more sustainable world.?
Whatever your ambition, there’s a path for you here. And there’s no barrier to your potential career success. For more information, visit Worley.com"
3,23f873fd0d5e663e,"Los Gatos, California
Los Angeles, California
Finance
Responsibilities
This role will sit with the Netflix Sustainability Office within Finance to support our data-driven sustainability strategy. Specifically, the role will:
Collaborate with Production Finance, Product, and other stakeholders (e.g., Data Science Engineering) to source, automate, and analyze data from company operations, including production, to measure and monitor greenhouse gas emissions and other sustainability-related metrics
Utilize internal software applications to source, cleanse and analyze a variety of greenhouse gas and spend data, with a special focus on historical production spend data
Research, assess, and implement software solutions to automate, visualize and analyze data across Netflix
Perform scenario and ad-hoc analyses to inform sustainability strategies and opportunities for the most meaningful reductions
Update business information tools, spreadsheets, and presentations to ensure they reflect the latest information, and identify improvements to our workflow
Review and ensure data is complete and meets expectations
Understand and communicate current production, studio, and corporate workflows, to identify opportunities to improve and automate the data collection process
Help engage corporate, studio and production personnel, as needed
Qualifications
Candidates are required to be highly quantitative and analytical, with the ability to communicate clearly and accurately
Ideal candidates will have experience in corporate-level greenhouse gas accounting, monitoring and measurement, production finance, and/or studio finance & operations and/or greenhouse gas accounting
The successful candidate must display initiative in anticipating and exceeding the business demands of senior-level business managers. This person must thrive in a fast-paced, ambiguous environment and exhibit the highest personal and professional standards of integrity and ethics
Candidates must be able to analyze large datasets and communicate any gaps, questions, and/or assumptions in a concise and clear manner to accomplish their intent
Netflix is fast-growing with a flat organizational structure, which means that employees are often asked to perform tasks with a range of difficulties. Candidate must be motivated, disciplined, and able to work effectively autonomously and understand when to ask necessary questions
Requirements
5+ years of experience in GHG accounting, corporate finance, studio finance and/or production operations, management consulting, investment banking, or accounting is preferred
Experience conducting quantitative and qualitative financial and operational analyses and working with complex and unstructured datasets
Comfort working in multiple software packages and recommending how workflows can be streamlined where needed
Excellent written and oral communication skills
An appetite to drive impact individually and as a team member
Bachelor’s degree with emphasis on coursework in Business, Finance, or Accounting, climate change, greenhouse gas accounting, and/or Environmental Science
APPLY NOW
LINK COPIED"
4,e862369e52ce2651,"7+ years of experience in consulting, solutions development, product management, and/or transformation roles
Industry experience in Sustainability; Example: energy/water management, renewable energy, supply-chain (GHG emission tracking and analysis, packaging, transportation)
Bachelors Degree

Do you have a passion for how industries can utilize cloud technologies to accelerate their sustainability efforts? Are you an expert in how companies and their partners are using cloud technology to revolutionize the strategy, planning, execution of sustainability initiatives? Do you thrive in a cross-functional environment, working closely with some of the best and brightest in the world?

As the Senior Sustainability Innovation Consultant, you will have an exciting opportunity to shape and deliver on a global strategy to help customers accelerate their sustainability transformations by leveraging the AWS cloud computing platform to position and drive the right technology solutions to address customer needs. As a Principal Sustainability Innovation consultant you think strategically and analytically about our customer's business and technical challenges and form innovative ideas to solve them. You have a keen sense of ownership and entrepreneurship, and, most importantly, you know how to earn trust, think big, and work cross-organizationally to deliver results. You influence others to follow with data and customer advocacy.

The right candidate will be a passionate technologist, have broad and deep experience with sustainability initiatives in multiple industries, and demonstrated go-to-market success. Sustainability is a broad domain, but general level knowledge plus expert knowledge in at least one specific sustainability domain is required. They will have a proven track record of leading complex solutions programs. They will also have working knowledge of cloud computing and the related sustainability application platforms and initiatives.

Role & Responsibilities

Working backwards from customers, identify solutions themes, prioritize a portfolio of solution(s) for each solution theme, and AWS value proposition(s) for sustainability initiatives.
Together with the broader team, develop the technical side of the strategic plan for AWS, to engage enterprise customers and partners in this industry.
Represent AWS best-practices around innovation, product management, software engineering, data and analytics, and other platform capabilities to work
Develop C-suite and line-of-business relationships within customer organization
Develop, propose, and deliver innovation offerings and engagements working with sales enablement, regional business development teams, and account teams.
Demonstrate commercial acumen to assist customers in building value propositions / business cases / supporting financial models
An understanding of the 17 United Nations sustainable development goals and IPCC studies, and how they apply to customers in different industries.
Strong technical acumen and understanding of emerging disruptive technologies, like cloud computing, IoT, Data Analytics, Machine Learning, Computer Vision, AR/VR etc.
Passion for the targeted industry sectors – good understanding of how sustainability initiatives operate and the unique characteristics of the industry ecosystems.
Exceptional interpersonal and communication (both written and verbal) skills. Experience communicating with both technical and non-technical stakeholders across multiple teams.
Passion for cloud technologies – deep understanding of public and hybrid cloud platforms.
Technical knowledge of applications, platforms, and data ecosystem, with ability to go deep on technical aspects to understand current and future customer needs and present AWS technical benefits.
Excellent business and financial acumen and negotiations skills.

Amazon is committed to a diverse and inclusive workplace. Amazon is an equal opportunity employer and does not discriminate on the basis of race, national origin, gender, gender identity, sexual orientation, protected veteran status, disability, age, or other legally protected status. For individuals with disabilities who would like to request an accommodation, please visit https://www.amazon.jobs/en/disability/us.

Pursuant to the San Francisco Fair Chance Ordinance, we will consider for employment qualified applicants with arrest and conviction records.

Pursuant to the Los Angeles Fair Chance Ordinance, we will consider for employment qualified applicants with arrest and conviction records.


For virtual jobs where work can be performed in Colorado: For employees based in Colorado, this position starts at 122,300 yr. A sign-on bonus and restricted stock units may be provided as part of the compensation package, in addition to a range of medical, financial, and/or other benefits, dependent on the position offered. For more information regarding Amazon benefits, please visit https://www.amazon.jobs/en/benefits. Applicants should apply via Amazon’s internal or external careers site."
5,f1b5042ee03a92cd,"Description

Sustainability Analyst
A key to our company’s enduring success is our sincere and thorough effort to do the right thing for customers, for employees, for the community and for the environment. If creating a better world matters to you, you can make a difference at Andersen. Aligning with other leading organizations, such as National Park Service, Environmental Initiative and The Nature Conservancy embodies our long-standing commitment to leadership in environmental stewardship and making a positive impact in the communities in which we live and work.
PURPOSE: This position will help Andersen advance sustainability initiatives throughout the company. The role will coordinate projects, gather and research product and operational sustainability data, and engage employees in Andersen's environmental responsibility programs.
PRIMARY RESPONSIBILITIES:
Aggregate, monitor and analyze environmental and social responsibility data. Leverage sustainability software tools and coordinate data entry from different departments across the corporation. Synthesize that data and product and operational performance in digestible reports and educational formats for key stakeholders.
Serve as project manager for the planning, development, and internal and external promotion of Andersen's Global Reporting Initiative (GRI) work annual Corporate Social Responsibility (CSR) Report.
Serve as a liaison to other Andersen locations across the enterprise, including supplying those sites with sustainability tools and educational resources. Assist with the formation and coordination of employee-based sustainability committees, campaigns or events. Track program progress and report back to the corporate sustainability leadership team.
Lead Andersen’s carbon emissions tracking work through partnerships with the Andersen Environmental team, the Corporate Sustainability Manager, and our third-party software vendor(s).
Support corporate communications team in developing content for internal and external key audiences, focused on meaningful sustainability initiatives and projects.
Coordinate employee engagement programs focused on improving workplace sustainability and recognizing employees for their efforts. This includes leading an internal sustainability education series and identifying improvements to our facilities and business practices that allow employees to reduce their environmental impact.
This role requires collaborating with other employees, partners and contractors in cross-functional teams, including providing guidance, support and resources as needed.
Qualifications
REQUIREMENTS:
Bachelor’s degree in related field
2-5 years experience in a related field or equivalent demonstrated skills and abilities
Strong project management skills
Marketing and/or communications experience a plus"
6,d9c58f73a2edd6d0,"Job Summary:
Environmental sustainability at Disney focuses on using resources wisely as we grow our business. We have established ambitious environmental goals to minimize our impact as part of our commitment to social responsibility. The Environmental Sustainability team provides subject matter expertise and analytical partnership in setting enterprise-wide environmental sustainability objectives. The team also provides (a) thought partnership in ongoing implementation of sustainability programs, (b) manages investments in emission mitigation projects, and (c) measures and reports enterprise-wide progress against the sustainability objectives.
Current projects include conducting greenhouse gas emissions, water, and waste inventories enterprise wide; identifying mechanisms to reduce our environmental footprint; evaluating new project designs for sustainability; conducting environmental assessments of our studio and television productions; evaluating clean energy opportunities; managing the natural climate solutions portfolio for Disney; supporting environmental supply chain management; and analyzing emerging environmental sustainability issues and impacts.
The Environmental Sustainability Manager will be a key contributor to the company’s progress in meeting its environmental goals. This role will support the asessement of Scope 3 emissisons, identification of innovative technological solutions to carbon reductions, and program monitoring of the carbon portfolio. The manager will support boundary setting, data and program development for Disney’s Scope 3 emissions.
The ideal candidate should be familiar with environmental impacts from the wide range of Disney’s business operations. These include streaming, broadcast, consumer products, cruises, parks and resorts. The manager should be experienced in developing business requirements for database collection systems.

Responsibilities:
Manage collaborative efforts to develop process for evaluating, analyzing, and reducing Scope carbon emissions.
Assess Scope 3 emissions footprint, across multiple businesses including streaming, broadcast, consumer products, cruise, parks and resorts
Build and manage relationships with internal teams and external organizations
Assist in creating systems and processes for value chain environmental inventories.
Evaluate survey tools and existing systems for integration opportunities
Data collection to support Scope 3 inventory
Provide support in supply chain reporting (e.g. sustainability and product surveys, CDP supply chain survey)
Assist analysis of value chain environmental footprint, trends in industry, and coordination of internal efforts
Seek innovative technologies and solutions to drive carbon reductions. Focus on carbon capture and storage opportunities.

Research, identify and recommend specific external projects available for pilot/demonstration to result in emissions reductions; such as technology-based carbon removal projects (e.g. direct air capture, carbon capture and storage)
Support development of advanced technological and commercial solutions in areas such as sustainable design, low carbon fuels, and renewable electricity
Provide project management support for the existing carbon portfolio.
Oversee the existing carbon portfolio; including monitoring progress and deliverables on various time scales; coordination of communications with internal and external partners.
Support efforts to select and evaluate new carbon projects for Disney’s portfolio.
Support review and coordinate execution of contract agreements for the carbon project portfolio.
Support development of guidance materials, presentations and summaries in regards to Disney’s carbon project portfolio.
Maintain understanding of climate-related trends, policies, and carbon market developments
Basic Qualifications:
At least two years of technical experience in corporate sustainability, environmental management, environmental design; at least two years of experience in program management; two years of work experience with Carbon Markets; OR two years of experience managing or supporting sourcing and procurement, environmental audits and/or resource management
Experience in identifying sources of greenhouse gas emissions and calculation of greenhouse gas emissions following the GHG Protocol
Strong mathematic skills, with experience analyzing, reporting, and summarizing data
Proven track record of effectively communicating with senior level managers and above within a corporate environment
Proven ability to manage multiple projects and timelines
Ability to work collaboratively with global partners
Ongoing awareness of industry trends, governmental regulations and sustainability best practices
Ability to summarize scientific technical documents
Excellent proficiency in Microsoft Office (Word, Excel, PowerPoint, PowerBI)
Preferred Qualifications:
Understanding of digital content storage requirements, network infrastructures, digital distribution pathways, platforms
Experience evaluating Scope 3 inventory boundaries and Science Base Target Initiative
Experience in carbon market and policies
Bilingual: fluency in mandarin, or Spanish
Understanding of sourcing and supply-chain processes
Experience in R Stat, Tableau, Access, GaBi, Adobe Illustrator
Experience developing life cycle analysis
Required Education
Bachelor’s degree in environmental engineering, industrial engineering, management, environmental science or a closely related field.

Preferred Education
Master’s degree in environmental engineering/management, environmental science or a closely related field."
7,2215f107fd1c0ba2,"About the job
About the Job:
Position Description:
As part of the North American Procurement team, this position is responsible for key day-to-day activities that support several programs and reporting streams at the core of Danone’s Purpose and One Planet ambitions.
The primary responsibilities of this role include supporting Danone North America’s carbon reporting campaign, responsible sourcing program, and supplier diversity metrics, among others. This role will interact closely with the Director of Procurement Transformation & Sustainability and colleagues from the North American Sustainable Development team, as well as global program leads and SMEs within the Danone group. This position can be based in Broomfield, CO or White Plains, NY.
Responsibilities:
Collect and validate data to support environmental and social reporting schemes, in line with reporting standards and Danone-developed methodologyConduct data analyses, as needed, to further insights into specific opportunities or challenge areas within Danone North America’s carbon footprint and carbon reduction strategySupport collection of cross-functional action plans related to carbon reduction, in collaboration with Sustainable Development teamSupport Procurement and cross-functional teams in conducting “carbon impact assessments” on key projects, using Danone-developed or third-party toolsCoordinate workshops, in collaboration with Sustainable Development team, with key stakeholders on topics such as carbon reduction and supplier diversityDevelop presentations and materials to communicate updates on programs and resultsCoordinate day-to-day activities required by Danone North America’s responsible sourcing program, including tracking status and managing buyer and supplier communicationsOwn Procurement’s quarterly Tier II reporting to multiple customers, specific to Danone North America’s spend with diverse suppliers
The base compensation range for this position is $62,000-75,000. Danone North America additionally offers a performance-based bonus and has a strong benefits package including Medical, Dental, Vision, Prescription Drug Coverage, 401k Plan, Wellness Program, Life Insurance, Tuition Reimbursement, Flexible Time Off, and Paid Parental Bonding Leave, among other benefit plan options.
About you
About You:
Education and Experience (Requirements):
Bachelor’s Degree in Business, Sustainability, or a related field with a focus on Corporate Social Responsibility (CSR), social and environmental metrics and reporting, or similar1-3 years combined work and/or internship experience required
Knowledge, Skills and Abilities:
Familiarity with GHG Protocol and environmental reporting and disclosures (e.g. CDP, GRI, etc.)Intermediate fluency with ExcelExposure to sustainability/CSR topics such as human rights, ethical sourcing, and supplier diversityExperience analyzing data and forming insights and actionsStrong communicator, comfortable in engaging internal and external stakeholdersCollaborative in spirit and people-focused
About us
About Us:
At Danone North America, you’ll work with some of the best-known food and beverage brands in the world like Activia, Silk, Horizon Organic, Two Good, Oikos, evian, and Happy Family. You’ll be part of one of the largest Certified B Corps™ in the world, working together to make sure our brands create real benefits for people, communities, and the planet. We have 6,000+ employees across the U.S. and Canada. Come join our movement for a healthier world: One Planet. One Health BY YOU.
Danone North America doesn’t just welcome what makes you unique, we value it. We’re proud to be an equal opportunity and affirmative action employer. All hires to our team are based on qualifications, merit and business needs. We recruit, employ, train and promote regardless of race, color, religion, disability, sex, sexual orientation, gender identity, national origin, age, veteran status, genetic characteristic or any other protected status. Faithful to our values of openness and humanism, all of our employees share in the commitment to engage one another with dignity and respect. http://www.dol.gov/ofccp/regs/compliance/posters/pdf/eeopost.pdf https://www.dol.gov/ofccp/regs/compliance/posters/pdf/OFCCP_EEO_Supplement_Final_JRF_QA_508c.pdf"
8,398ff78866abe65d,"The Company
Descartes Labs helps the world's largest organizations unlock the power of geospatial analytics to solve global scale problems. Our solutions create new sources of environmental sustainability and operational advantage and foresight for agriculture, CPG, mining, and government users by combining machine intelligence and domain expertise into a complete operational solution.
Descartes Labs is proud to be a remote-first, deliberately distributed organization that recognizes that people have different needs and motivations for building a life and career that matters and works for them. For this reason, we are open to our employees working from any location, in a way that enhances their well-being, productivity, and role. We focus on helping our employees produce positive outcomes and we recognize that the path to getting there will look different for different people.
The Role
Are you interested in shaping the tools that enable global enterprises to turn their sustainability commitments into action? We are looking for pragmatic problem solvers who favor practical, efficient solutions that also maintain a high degree of scientific rigor. As an Applied Scientist on the Sustainability team, you will collaborate with our cross-disciplinary team to build cutting edge sustainability solutions for our clients and partners.
The work we do includes (but is not limited to): (1) Land cover mapping and disturbance monitoring over critical ecosystems, particularly tropical forests (2) Forest carbon mapping and modeling using remote sensing data, and (3) Regenerative agriculture, including its mapping, modeling, and implications for carbon sequestration. In particular, we are looking for candidates with expertise in forest remote sensing, including (but not limited to) using LiDAR, SAR tomography, and other advanced methods to remotely estimate forest biomass.
Your Impact
Use our archive of satellite imagery and other datasets to develop and implement scalable models (statistical, mathematical, machine learning, and/or empirical) that support our products and customer engagements.
You will actively participate as a member of a cross-disciplinary team, openly communicating your ideas, insights, and feedback while helping to continuously improve our processes.
Collaborate with product managers to develop new products, feature datasets, and capabilities relevant to sustainability initiatives
Contribute to building a scalable, efficient set of workflows and toolsets leveraging our existing platform infrastructure
What You Bring
An advanced degree in a relevant scientific or quantitative field such as meteorology, climate science, environmental science or closely-related field preferred; industry experience may be taken under consideration as a substitute
Demonstrated background developing statistical, machine learning, and/or simulation models for climate/weather systems
Proficiency in Python, or in another scientific programming language with the ability to quickly pick up new technical skills
Strong problem solving skills, with the ability to research, develop, and implement solutions to novel problems
Ability to communicate in a clear and concise manner, relating economic concepts and market developments to both general and business audiences
Self-motivated and able to work independently as well as within a team
Familiarity with cloud-based and/or distributed computing
Who You Are
Curious. You are always exploring and experimenting, and you have a hard time putting down exciting new problems. You enthusiastically share your learning with others and actively seek new knowledge.
Conscientious. You are determined, always keep your promises, and are forward thinking. Principled and integrous, you take your commitments seriously.
Humble. Unpretentious and self-aware, you cultivate compassion for others and take responsibility for your mistakes. Egos are barriers to doing the best work and always learning.
Open and Inclusive. You are receptive and interested in new ideas and perspectives, even when those perspectives don’t agree with your views. You value and respect difference and create ways for all people to contribute to the organization.
Collaborative. You know it takes a team to get anything accomplished and you actively and inclusively work across the organization. You listen intently and openly and are always focused first on creating the best results.
Adaptable. You are able to navigate changing circumstances and environments with ease and approach uncertainty with enthusiasm, while inspiring others towards effective goal setting and accomplishment.
Top Reasons to Work at Descartes Labs
We pride collaboration over ownership, iteration over perfection, principles over rules, and discussion over directives
We’re using the world’s top technology to solve the world’s largest problems with a strong focus on sustainability, environment, and impact science
We look at Descartes Labs as a work environment where people are included, treat their colleagues with professional regard and respect, and thrive as a result
We’re a highly collaborative company that constantly promotes success through teamwork
We strongly encourage and enjoy a flexible work environment
You belong here! If your experience and interests match with some of the above, we want you to apply. Nobody is an expert on all or even parts of our stack.
Descartes Labs is committed to building a diverse community and we embrace equal opportunity in a serious way. We strive to be a team with a variety of backgrounds, perspectives and skills. Scientific discovery is in our DNA and the more inclusive we are, the better our work will be; diversity fuels innovation!
Accommodations will be provided as requested by candidates during all aspects of our interview process."
9,d03123777b27b108,"Job Summary and Primary Responsibilities
This role seeks a motivated individual who can support the development, implementation, and management of the company’s sustainability program, and serve as a subject matter expert who will raise expertise on sustainability across the organization via influence of cross-functional partners and collaboration with key influencers. This role also will help contribute to the strategic direction of the company’s sustainability initiatives including long-range plans and short-term goals; design, manage, and draft sustainability reports and/or disclosures; and support internal leaders to articulate the company’s sustainability program to external stakeholders and constituents.
Leads the development a multi-year sustainability roadmap that reflects the company’s ambition level and helps to define key milestones.
Designs and manages a scalable sustainability reporting program that allows for enterprise-level tracking of current state and progress on milestones, goals, and targets across the company.
Enables and supports key leaders to articulate the company’s sustainability program and its purpose to investors, local communities, non-profit organizations, customers, and other constituencies.
Acts as leader and co-creator with cross-functional partners and subject matter experts (e.g., diversity and inclusion, safety, and compliance & ethics) in helping to establish data-driven sustainability/ESG goals, milestones and metrics year-over-year.
Anticipates sustainability/ESG trends by engaging in external forums and tracking real-time developments while also providing internal updates related to potential company growth opportunities.
Serves as project manager for the company’s sustainability program, which includes:
Ensuring that sustainability/ESG data and transparency requirements are well organized and disclosed in line with various external frameworks and reporting methodologies
Coordinating sustainability/ESG data collection supporting various projects (e.g. annual report, ESG surveys) by engaging subject matter experts in various departments
Refining, developing and organizing sustainability/ESG related content on the company’s intranet and website to ensure content is current, relevant and able to be leveraged to various audiences
Managing the agenda, draft meeting minutes and create presentations for periodic engagements with the company’s Sustainability Steering Committee and working groups
Cultivates actionable insights by managing progress reports and analyzing performance trends.
Participates in mobilizing key leaders and other employees through education and training on sustainability topics to create opportunities for engagement.
Supports sustainability program and project-based efforts as assigned (e.g. short-term initiatives and one-time projects).
Required Skills / Capabilities
Excellent writing skills.
Ability to advise on emerging trends and stakeholder needs.
Confident in communicating with senior internal leaders to ensure that the company’s sustainability strategy and priorities are clearly articulated.
Understanding of ESG principles and governing frameworks and a strong desire to reflect NuVasive’s corporate values within the broader ESG construct.
Experience creating and operationalizing cross-divisional initiatives.
Experience linking sustainability initiatives to digital tools and tracking for operational benefit.
Strong skillset in Microsoft Office Suite (e.g., Excel, PowerPoint
Education and Experience
Typically requires a Bachelor’s degree and a minimum of 2 years of related experience; or an advanced degree without experience; or equivalent work experience
Bachelor’s degree in related field such as business, communications or sustainability is required.
Education in Environmental Management, Sustainability, or related field preferred.
2-4 years of relevant experience
Travel and/or Physical Requirements
Up to 25% travel
NuVasive is an Equal Opportunity Employer. All qualified applicants will receive consideration for employment without regard to race, color, religion, sex, sexual orientation, gender identity, national origin, age, or protected veteran status and will not be discriminated against on the basis of disability. The “EEO is the Law” poster options are available here. NuVasive's EEO policy is available here.

About NuVasive
NuVasive, Inc. (NASDAQ: NUVA) is the leader in spine technology innovation, with a mission to transform surgery, advance care, and change lives. The Company's less-invasive, procedurally integrated surgical solutions are designed to deliver reproducible and clinically proven outcomes. The Company's comprehensive procedural portfolio includes surgical access instruments, spinal implants, fixation systems, biologics, software for surgical planning, navigation and imaging solutions, magnetically adjustable implant systems for spine and orthopedics, and intraoperative neuromonitoring technology and service offerings. With more than $1 billion in net sales, NuVasive has approximately 2,700 employees and operates in more than 50 countries serving surgeons, hospitals, and patients. For more information, please visit www.nuvasive.com."
10,037f3323b9192c81,"ERM is seeking a motivated and dynamic Sustainability Strategy & Disclosure Consultant to join our growing sustainability advisory services practice area. In this entry-level, client-facing role, you will work directly with senior consultants to provide support on client engagements such as materiality assessments, writing sustainability reports, responding to ESG (environmental, social and governance) ratings and rankings, and setting sustainability goals. This is an excellent opportunity for a junior professional looking to work with an expert consulting team on interesting ESG projects for a wide range of Fortune 500 and privately held clients—helping them achieve positive and tangible social, environmental, and economic impact. See Case Studies for representative client engagements.

RESPONSIBILITIES:

Conduct desk-based bench marking and research on clients, industries, and market trends.
Analyze client documentation and identify improvement opportunities (gap analysis).
Synthesize research findings into key themes, analyze information to develop conclusions and draft recommendations for client deliverables.
Prepare client deliverables.
Support the development of corporate sustainability reports, including outlining, writing, editing, and proofreading content and other client communications.
Participate in client meetings and workshops and maintain required documentation.
Assist in general business development research, marketing, and other development tasks.
Support ERM Partners-in-Charge and Project Managers to effectively manage projects.

REQUIREMENTS:

Bachelor’s degree required, with Master’s degree in relevant field a plus. We consider a broad range of undergraduate majors and advanced degrees.
Recent graduate to 3 years of related experience in consulting, corporate, industrial or other environment.
Demonstrated critical thinking and analytical skills.
Superb written and oral communication skills.
Strong interpersonal skills to interface effectively within multiple levels of consulting staff and client personnel.
Penchant for service excellence and a collaborative style.
Ability to multi-task, maintain flexibility, travel, and work independently. Some travel may be required to support a wide array of projects and clients.
High level proficiency in use of Microsoft Office programs—comfort with complicated Excel formulas, pivot tables, etc., plus ability to present information succinctly and visually in PowerPoint; sophisticated data analysis a plus.
Demonstrated interest in business consulting and environmental/social issues (through related coursework, previous employment, or personal endeavors).
Who We Are:
As the world’s leading sustainability consulting firm, ERM is uniquely positioned to contribute to the environment and society through the expertise and energy of our employees worldwide. Sustainability is what we do, and is at the heart of both our service offerings and how we operate our business. ERM and our partners are driven by a dynamic vision: By 2021 we will be the clear leader in our chosen markets, we will double in value and we will deliver on our promises to our clients, our people and our investors. For our people, our vision means attracting, inspiring, developing and rewarding our people to work with the best clients and on the biggest challenges, thus creating valuable careers. We achieve our vision in a sustainable manner by maintaining and living our ERM values that include Accountability, Caring for our People, Client Focus, Collaboration, Empowerment, and Transparency.
Please submit your resume and brief cover letter. Based on review of these responses, shortlisted candidates will be invited for interviews.
ERM does not accept recruiting agency resumes. Please do not forward resumes to our jobs alias, ERM employees or any other company location. ERM is not responsible for any fees related to unsolicited resumes.
ERM is proud to be an Equal Employment Opportunity employer. We do not discriminate based upon race, religion, color, national origin, gender, sexual orientation, gender identity, age, status as a protected veteran, status as an individual with a disability, or other applicable legally protected characteristics.
Thank you for your interest in ERM!"
11,cf4d4f9e0009297a,"Discover your full potential. At Tetra Tech, we are collaborating with industry-leading experts for a sustainable future for our world. We combine consulting and engineering with advanced analytics and technology to solve the world’s most complex challenges. Our innovation hubs across the globe will enable you to share ideas and best practices while growing your professional network. Wherever you are in your career journey, you will benefit from working with world-class engineers, scientists, and technical specialists.

Apply today and join the company that is Leading with Science®.

Tetra Tech is looking for an Environmental, Social, and Governance (ESG) and Sustainability Manager to be located in Denver, CO, or to work remotely within the US. The successful candidate will support and grow Tetra Tech’s ESG and sustainability consulting practice across many industries providing some of the following services: materiality assessments, carbon footprint and greenhouse gas reduction strategies, stakeholder engagement, ESG planning and program development, environmental and energy justice promotion, energy use assessments, waste management/pollution prevention strategies, natural resources conservation services, climate risk assessments, and ESG related disclosures.

Your Role:

Develop and implement ESG strategies and sustainability programs, including policy, procedures, and monitoring.Manage and support project teams across Tetra Tech operating units.Understand climate change mitigation strategies and related stakeholder concerns.Understand market drivers and how climate mitigation strategies can be applied to client projects.Compile and analyze various ESG related data sources into a useable and meaningful client deliverable.Understand local, regional, and national policy related to energy policy and climate change.Understand the current climate science including a working knowledge of the latest Intergovernmental Panel on Climate Change (IPCC) reports.Have understanding and the ability to help clients with ESG and carbon reduction strategies and related industry standard disclosures.Considers sustainability proposals with attention to factors such as cost effectiveness, feasibility, and ease of integration with other programs.Proposes and implements strategies to address various environmental concerns including energy use, conservation, reduction of pollution, recycling, building and facility design, and general education on sustainability.Assesses and analyzes company policies and processes to identify areas in and processes to which improvements can be made in accordance with the organizations commitment to sustainability.Advises clients on company policies and procedures related to environmental and energy justice.


Qualifications:

Master’s degree or demonstrated equivalency of experience and/or education. Degree preferred in Environmental Science, Sustainability, or relevant field.8+ years of experience in ESG or sustainability field.Ability to build and grow strong and trusted client relationships.Proven record of helping clients design sustainability/ESG strategies, deliver sustainability/ESG reporting, and/or realize strategy implementation programs.Effective communicator who can create and deliver services to executives and facilitate effective client engagements.Experience with environmental management or auditing, climate policy and regulation.Management and technical leadership experience on decarbonization, climate change, or sustainability projects or developing/managing relevant programs.

Compensation:

Salary commensurate with experience.
Salary Range: $120k - $160k
About Tetra Tech:

Tetra Tech combines the resources of a global, multibillion-dollar company with local, client-focused delivery in more than 400 locations around the world. Our reputation rests on the technical expertise and dedication of our employees—20,000 associates working together to provide smart, scalable solutions for challenging projects. We are proud to be home to leading technical experts in water, environment, infrastructure, resource management, energy, and international development.

Explore our open positions at https://www.tetratech.com/careers. Follow us on social media to learn more about our people, culture, and opportunities:

LinkedIn: @TetraTechCareers
Twitter: @TetraTechJobs
Facebook: @TetraTechCareers

Tetra Tech is proud to be an Equal Opportunity Employer. Diversity, inclusion, and equity are among Tetra Tech’s core values. Throughout our history, the company has prioritized equitable inclusion of all people. All qualified candidates will be considered without regard to race, color, religion, national origin, military or veteran status, gender, age, disabilities, sexual orientation, gender identity, pregnancy and pregnancy-related conditions, genetic information and any other characteristics protected by the law. We invite resumes from all interested parties. Please visit our website at www.tetratech.com to see the array of diverse services and exciting projects we are currently working on.

Tetra Tech is a VEVRAA federal contractor and we request priority referral of veterans for available positions.

We thank all applicants for their interest, however, only those candidates selected for interviews will be contacted.

Please no phone calls or agencies."
12,cc7e05bf63d6cb1d,"Department FMP-Administration 50000761 Business Unit Business & Finance Reg-Temp Full-Time Regular Work Schedule Mon - Fri 8:00 am - 4:30 pm Position Summary
Collaborates with key stakeholders across the organization to lead, guide, direct and support sustainability initiatives. Key leader in the development and implementation of the Sustainability & Climate Action Plan (SCAP). Partners with the Executive Sustainability Council (ESC) chairs to coordinate ESC activities. Develop and coordinate all LiveGreen initiatives. Partners with campus communication staff to develop and execute the communication strategy for sustainability efforts. Serves as the professional sustainability resource for UNMC, Nebraska Medicine and Clarkson College. Manage sustainability planning vendor relationships.
Position Details
Additional Information
Posting Category Operations Working Title Manager, Sustainability Job Title Facilities Specialist (Prof) Salary Grade FP24S Appointment Type B1 - REG MGR PROF SALARY Salary Range $71,900 - $115,000/annual Job Requisition Begin Date 04/06/2021
Required Education: Bachelor's degree

If any degree major/training is required, please specify the type. (NOTE: Concentration and minors are not equivalent to a major)
Environmental Science, Environmental Studies, Engineering, Business Administration, Public Administration, or related field.

Required Experience 4 years

If any experience is required, please specify what kind of experience:
Experience implementing sustainability initiatives or programs.

Required License No

If yes, what is the required licensure/certification?

Required Computer Applications: Microsoft Excel, Microsoft Word, Microsoft PowerPoint

Required Other Computer Applications:

Required Additional Knowledge, Skills and Abilities:
Web design and social media interfaces

Preferred Education: Master's degree

If any degree/training is preferred, please specify the type:
Environmental Science, Environmental Studies, or related field.

Preferred Experience:
Experience implementing sustainability initiatives in a campus setting.

Preferred License: No

If yes, what is the preferred licensure/certification?:

Preferred Computer Applications: Microsoft Outlook

Preferred Other Computer Applications:

Preferred Additional Knowledge, Skills and Abilities:

Email to a Friend https://unmc.peopleadmin.com/postings/58184"
13,cf188c93641c2e26,"APCO Impact is a unique consultancy that takes an integrated and focused approach to social impact and sustainability. We partner with corporations, brands, nonprofits, foundations and governments to drive sustainability and weave positive social impact into decision-making at all levels. Our focus is on addressing root causes, changing systems and moving towards a more regenerative, equitable future. Our team brings together a range of experts across climate and sustainability, ESG, equity & justice, corporate purpose and philanthropy. Specialists in both strategy and operations, our teams are multi-generational and comprised of individuals who bring a mix of lived and professional experiences across the gamut of social and environmental issues. We are continually investing in our own knowledge so we are positioned to help clients see across trends and around the corner.
APCO Impact sits within APCO Worldwide, a global public affairs agency, allowing us to bring specialized expertise in the social sector, while also bringing to bear APCO’s global network of best-in-class policy, communications and advocacy professionals. Our core team includes staff from The Tembo Group and Global Philanthropy Group, which are two boutique philanthropic and social impact consulting firms acquired by APCO over the past year.
The Associate Consultant, Social Impact & Sustainability will be joining a team of global professionals who operate across sectors and geographies to support clients in igniting transformational change. You can expect that no day will be the same, and there will be limitless opportunities for creativity, alongside a lot of hard, fun and meaningful work.
Role Description
The Associate Consultant, Social Impact & Sustainability will provide support to senior leaders on client work and internal, business-building projects. She/he/they will serve a critical role in contributing to and ensuring the team properly prepares for client deliverables and client proposals. They will also lead on research projects that significantly impact the team’s ability to provide strategic counsel to clients and internal stakeholders. This is an ideal position for someone who works well at a fast pace and in a distributed team environment, is motivated by making an impact, excels in thorough research and synthesis, and is detail-oriented and a strong writer. A BA or BS in a related field or an advanced degree is required for this position.
Core responsibilities:
Support the ongoing growth of APCO Impact, including new business efforts, research and proposal writing
Provide start to finish support on client projects, including research, drawing out key themes, building timelines and workplans, contributing to team brainstorms around strategy, and assisting with client presentations and final deliverables
Support the development and distribution of a regular external media scan, analyzing key industry trends and news stories on sustainability and social impact
Conduct and compile competitive analyses, issue briefs, and other specific research products on various industries, project areas and geographies you don’t necessarily have deep expertise in
Act as a sponge, absorbing knowledge from your colleagues to better understand how we approach roadblocks and find solutions that further our clients’ mission and impact
Contribute to weekly problem-solving sessions to align on client work planning, facilitate decision-making, iterate on solutions and find work-arounds as needed (both internal and with clients)
Support research interviews by developing interviewee lists, creating interview question guides, joining interviews to participate and take notes, and summarizing key takeaways
About you:
You have 2-4 years of experience in relevant issues and industries including management consulting, communications, policy & advocacy, research, sustainability, social impact, NGO/nonprofits; corporate responsibility and/or philanthropy
You have a BA/BS in a related field or an advanced degree
You’re passionate about impact driven work and are excited by the opportunity to work with clients who are striving to integrate profit & purpose
You thrive in complexity, are a natural problem-solver, and dig deep for patterns and paths, even amidst a great deal of ambiguity
You aren’t afraid to ask questions when you need clarity and are willing to challenge both your own and your team’s perspectives
You can navigate complex research projects, absorb and synthesize large amounts of information, confidently draw conclusions from your research, and put them into clear recommendations and points for the team
You are detail oriented, well-organized and enjoy bringing structure to projects through work-planning, list-making and “managing up”
You can work independently but are personable, a good listener and connect easily with others, making you a great team player
You are a strong writer
You enjoy the variety and sometimes-chaos of contributing to a wide range of client projects unfolding simultaneously
You are in a position to effectively work in a remote setting across time zones and have a high level of proficiency with MS Excel, Word and PowerPoint
Founded in 1984, APCO Worldwide is an award-winning, independently owned global communication and business strategy firm with offices in major cities throughout North America, Europe, the Middle East and Asia. APCO combines a global perspective with local expertise to help clients around the world manage challenges, opportunities, perceptions and reputations. APCO clients include corporations and governments; industry associations and nonprofit organizations; and many top Fortune 500 companies. The firm is a majority women-owned business.
APCO Worldwide, named one of the Best Agencies to Work For in North America by PRovoke Media for four consecutive years and a 2020 Top Places to Work in PR by PRNews, offers a collegial work environment, countless training and development opportunities, and a competitive compensation and benefits package."
14,2fc2a329bf2d43fc,"Job SummaryWe offer competitive salary, great benefits, and work that matters to our community.The Company:  The mission of the Seattle Housing Authority is to enhance the community by creating and sustaining decent, safe, and affordable living environments that foster stability and self-sufficiency for people with low incomes.The Position: We are looking for someone who can conduct technical analysis of the Authority's environmental stewardship and sustainability activities, projects, and programs; prepare reports on findings with recommendations for action, direction, or resolution of problems. Independently plan, design, and implement initiatives and collaborative efforts that support agency environmental stewardship goals and objectives. Contribute to business decisions through planning and monitoring organizational performance against program or project goals and objectives to ensure results.This is an FLSA Non-Exempt position covered by a collective bargaining agreement*We offer medical, dental, and vision insurance, and Public Employees' Retirement (PERS).We also offer generous paid leave and holidays.Requirements: Bachelor's degree from an accredited college or university, preferably with college course work in environmental science, business, public administration, human services, or related field. Four years of directly relevant experience may be considered in lieu of a bachelor's degreeThree years’ experience in resource conservation, sustainability, project or program management, or a combination of education and/or training and/or experience which provides an equivalent background required to perform the work of the class. Relevant experience in data analysis, project and program management and making public presentations are also crucial to a candidate's success in this positionValid Washington driver’s license with fully insurable driving record.Responsibilities: Representative duties and essential functions of the Sustainability Analyst fall in four key areas that support and facilitate SHA's value of environmental stewardship:1. Resource Conservation (30%)Evaluate energy, water and waste usage patterns and trends for all facilities and functions in the organization to assure proper cost controls are in place. Conduct building audits and analyze consumption and rate dataProvide technical expertise and information for utility and waste management issues2. Compliance with Internal and External Policies and Regulations (25%)Assist with the administration of utility allowances for the Agency per HUD, IRS, and Washington State tax credit guidelines. Implement changes to utility allowances, solicit comments, and respond to residents by preparing correspondence, notices, news articles for community publications and conducting presentations at resident council meetings. Maintain organized files, tracking the history of changes and adjustments to utility allowancesParticipate in compliance activities with city ordinances related to energy benchmarking, third party billing for utilities, and solid waste management3. Sustainability Program Management and Development (35%)Participate and/or facilitate the planning and development of resource conservation and environmental stewardship projects and programs, as well as measure and evaluate program and project efficacyProvide support and program analysis for other SHA departments and division, including Solid Waste, Maintenance, Development, and Asset ManagementCoordinate and/or conduct staff and resident enrichment programs for diverse audiences that create opportunities for education and professional development in resource conservation, environmental stewardship, and sustainabilityCommunicate technical information related to environmental stewardship and sustainability benchmarking and performance to internal and external stakeholder groups and the publicProvide general oversight and assistance with supervision of division interns or project employees, when applicable, assisting with the development of work plans, assigning tasks, and tracking progress using a project management system4. Other duties (10%)Establish and maintain relationships with Seattle City Light, Seattle Public Utilities, King County, solid waste haulers, solid waste processors and Puget Sound Energy to effectively analyze and monitor the Authority's utility and waste reduction activitiesAttend all required training and safety meetings; use, maintain and replace assigned personal protective equipment; report all injuries and illnesses to supervisor immediately; complete and submit incident/accident reports as required; report hazardous conditions or unsafe work practices to supervisor; and follow all safety and health guidelines, practices, policies and proceduresIdentify technical and financial resources outside the agency in support of resource conservation activities, and serve as liaison to the entities that provide themPerform utility and project budget projectionsAssist in the development and maintenance of data management practices and processes to track, analyze and monitor resource conservation and environmental stewardship projects and programsThe Location:  190 Queen Anne Ave N, Seattle WA 98109Why Should You Apply?Competitive salaryGreat benefitsReasonable hoursOpportunities for on-the-job trainingAt Seattle Housing Authority a diverse, inclusive, and equitable workplace is one where all employees and tenants, whatever their gender, race, ethnicity, national origin, age, sexual orientation or identity, education or disability, are valued and respected. We are committed to a nondiscriminatory approach and provide equal opportunity for employment and advancement in all our departments, programs, and worksites. We respect and value diverse life experiences and heritages and ensure that all voices are valued and heard. We encourage women, non-traditional leaders, people of color, and people from traditionally underrepresented groups to apply.Job Type: Full-time"
