,job_title,company_name,location,job_key
0,"Emergency Preparedness Trainee, Security Safety & Sustainability - Summer/Fall 2021","Sony Pictures Entertainment, Inc.","Culver City, CA 90232 (Lucerne/Higuera area)",83f882108ba070bc
1,Junior Sustainability Engineer,Belkin,"Playa Vista, CA 90094",389725f97041bb80
2,Environmental Specialist Level II,Worley,"Monrovia, CA",2de7b3821880203c
3,"Data Analyst, Sustainability",Netflix,"Los Angeles, CA",23f873fd0d5e663e
4,Sustainability Innovation Consultant,"Amazon Web Services, Inc.",Remote,e862369e52ce2651
5,Sustainability Analyst,Andersen Corporation,"Oak Park Heights, MN",f1b5042ee03a92cd
6,Environmental Sustainability Manager,The Walt Disney Company (Corporate),"Burbank, CA",d9c58f73a2edd6d0
7,"Coordinator, Procurement Sustainability",Danone,"Broomfield, CO",2215f107fd1c0ba2
8,Applied Scientist (Sustainability),Descartes Labs,Remote,398ff78866abe65d
9,Global Sustainability Specialist,"NuVasive, Inc.","San Diego, CA",d03123777b27b108
10,Staff Sustainability Strategy & Disclosure Consultant (Entry Level),ERM Group,"Washington, DC 20036 (Downtown area)",037f3323b9192c81
11,ESG and Sustainability Manager,Tetra Tech,"Denver, CO",cf4d4f9e0009297a
12,"Manager, Sustainability",University of Nebraska Medical Center,"Omaha, NE",cc7e05bf63d6cb1d
13,"Associate Consultant, Sustainability & Social Impact",APCO Worldwide,"New York, NY 10010 (Flatiron District area)",cf188c93641c2e26
14,Environmental Stewardship & Sustainability Analyst,Seattle Housing Authority,"Queen Anne, WA",2fc2a329bf2d43fc
