,Unnamed: 0,job_title,company_name,location,job_key,job_num,job_descriptions
0,641,"Director, Wine Business Development & Trade",Free Flow Wines,"Sonoma County, CA",7ccdf0e26697d45d,641,"FREE FLOW WINESJob DescriptionTitle:  Director, Business Development & TradeDepartment:  CommercialReports to:  Chief Commercial OfficerFSLA status:  Exempt, Full-TimeFREE FLOW WINES – SAVING THE WORLD ONE KEG AT A TIMEFree Flow Wines (FFW) is looking for candidates who are passionate about what they do, enjoy working hard and thinking outside the ‘bottle’, but also appreciate a work-life balance. FFW created the wine on tap industry, and continues as the leader in keg packaging, logistics and market development. At FFW, a diverse, supportive and fun environment is core to our culture, and we are looking for employees who share these same values. If you enjoy a fast-paced and dynamic workplace and care about quality, customer success and sustainability, we are looking for you. We believe that by attracting and retaining the best talent, together we can build a category that will make a difference, from the wines that are poured into your glass to saving the world – one keg at a time.Summary: As the Director of Business Development & Trade, you will be the key liaison between all strategic wine-on-tap market activity and the various internal teams at Free Flow Wines (FFW). You will be responsible for growing the wine-on-tap category in partnership with our Distributor, Winery and Operator partners through education, relationship building, project management and the development of strategic solutions to support our partners.This position reports directly to the Chief Commercial Officer.This position has no direct reports.Key Responsibilities: Distributor Management: Act as the primary liaison between FFW and our Distributor network.Understand Free-Flow’s “share of mind” in context of the wholesaler’s priority list to ensure alignmentOn-board & educate new Distributors on best practices for integrating kegs into their supply chainOversee contract negotiations with new DistributorsAnalyze and reconcile Distributor keg deposit balancesFacilitate billing issue resolution between Distributors and FFW Finance teamDevelop strategies for improving Keg Deposit managementWork with Distributors to understand specific market challenges and facilitate solutionsWork closely with Supply Chain team to implement new strategies to improve keg asset utilization in core marketsBusiness Development: Develop and build relationships with key contacts at Distributor, Winery and Equipment partners to grow the wine on tap categoryEstablish and implement short & long-term strategies, including setting measurable sales goals, budgets and tracking KPI’s through monthly reporting.Work with state-level Winery sales teams to create and execute on market development plans in key marketsDirectly manage key developing national and regional account opportunities to coordinate the roll-out of new tap installationsOversee and track independent account installationsManage and attend key Operator & Distributor trade eventsConduct in-market and webinar trainings for Winery & Distributor sales, marketing and operations teams on how to effectively sell and manage kegsFacilitate sale of new draft equipment through FFW’s TAP’D Draft team to support partner tap expansion plansBuild & expand relationships with key Equipment and Installation partnersWork with FFW Marketing team to provide trend insights and develop market support materialsExperience Requirements: 5+ years of related experience within a Distributor or in trade marketing / distributor management at a WineryA Bachelor’s DegreeFast starter, self-motivated and willing to assume additional responsibilitiesDesire to work in a fast-paced and dynamic environmentKnowledge of contracts, negotiating and change managementSelf-motivated with the ability to work independentlyOpen and respectful communicator experienced at building trust and engaging successfully with diverse personal stylesExcellent written and verbal communication and interpersonal skillsAbility to motivate teams to produce quality materials within tight timeframes and simultaneously manage several projectsAbility to facilitate group meetingsHighly accurate, organized and detail oriented, with strong multi-tasking and time management skillsStrong proficiency in Microsoft Word, Excel, and PowerPoint, with experience using CRM systemsTravel Expectations: 10 - 30% once markets re-open.Location: Northern CA, preferred.Physical DemandsThese physical demands are representative of those that must be met by an employee to successfully perform the essential functions of this job. The employee must occasionally lift and/or move up to 60 pounds and be able to stand for extended periods of time.Work EnvironmentThe work environment characteristics described here are representative of those an employee encounters while performing the essential functions of this job. Reasonable accommodations may be made to enable individuals with disabilities to perform the essential functions. The noise level in the work environment is usually moderate. Events can have higher level of noise at times.Job Type: Full-timePay: $66,000.00 - $86,000.00 per yearBenefits:401(k) matchingDental insuranceHealth insurancePaid time offRetirement planVision insuranceSchedule:8 hour shiftMonday to FridayEducation:Bachelor's (Preferred)Work Location:One locationWork Remotely:No"
1,642,Staff Engineer - Sustainability,"Satco, Inc.","El Segundo, CA 90245",276a9389cb202861,642,"About UsSatco is a family-owned and operated manufacturing business that prides itself on building strong and lasting relationships with its customers, many of whom rank among the largest cargo airlines in the world. Our continued success over the past 50 years can be attributed to strict adherence to our proven process.What we offer:Competitive compensation package with potential to grow within the company ~ WEEKLY PAYGenerous Paid Time Off ~ Accrued to 3 Weeks your FIRST YEAR!Health Insurance (medical – HMO and PPO options, dental, vision, LTD) ~ FREE TO EMPLOYEEBasic Life and AD&D Insurance ~ FREE TO EMPLOYEEVoluntary Benefits such as Supplemental Life & ADD for employee, spouse and child(ren); Accident; Critical Illness insurancesEmployee Personal Loan options through KashableEmployee Assistance Program401(k) plan with employer match up to 5%Company eventsCasual attire and Fun Work Environment!SATCO Inc. is currently hiring for a Staff Engineer - Sustainability position! We design, invent, and deliver the most advanced and diverse range of cargo containers and pallets on the market. We invent, manufacture, assemble, and repair. SATCO is always learning and pushing the boundaries of the ULD world and we are an undisputed industry leader that continually sets the bar higher each time.What you will be doing: Use AutoCAD software to create 3D models and 2D drawings of ULD parts and assembliesMaintains a relationship with all operations locations and Quality Control to create and communicate corrective actions to resolve non-conformances in both the fabrication and repair environmentsCommunicates with external customers to understand new or changing requirements for ULDsDevelops engineering analysis to support certification needs for new or modified ULDsCreates development schedules to ensure engineering projects meet customer needs for deliveryEnsures all engineering and customer documentation is accurate and is updated to ensure quality customer serviceOther duties may be assigned, as directed by managementRequirements/Desired SkillsBachelor’s degree in Engineering (Aerospace, Industrial, or Mechanical) from an ABET accredited institution, or equivalentMinimum of 3 years’ experience in a manufacturing environment, preferably in a FAR 145 Repair facility or an aircraft or aircraft parts OEM facilityExperience with releasing Engineering drawings and models using the AutoCAD suite of softwareKnowledge of ASME Y14.5 dimensioning and tolerancingKnowledge of metal and composites fabrication processesFluency in Spanish preferredCustomer service and detail orientedPossesses the ability to plan, schedule, and coordinate effectivelyProblem solving skills with a positive attitudeAbility to work independently and prioritize assigned tasks to meet overall schedulesExcellent written and oral communication skillsStrong interpersonal skillsPLEASE NOTE, THIS IS NOT A REMOTE/WORK FROM HOME POSITION. YOU MUST BE ABLE TO WORK FROM OUR EL SEGUNDO OFFICE. Job Type: Full-timeJob Type: Full-timePay: $80,000.00 - $85,000.00 per yearSchedule:8 hour shiftMonday to FridayApplication Question(s):Do you have a Bachelor’s degree in Engineering (Aerospace, Industrial, or Mechanical) from an ABET accredited institution, or equivalent?Education:Bachelor's (Preferred)Experience:Manufacturing: 3 years (Preferred)Work Location:One locationCompany's website:www.satco-inc.comBenefit Conditions:Waiting period may applyWork Remotely:NoCOVID-19 Precaution(s):Personal protective equipment provided or requiredPlastic shield at work stationsTemperature screeningsSocial distancing guidelines in placeVirtual meetingsSanitizing, disinfecting, or cleaning procedures in place"
2,643,Sous Chef,Planta,"Miami Beach, FL 33139 (South Pointe area)",4268026343e3a4c1,643,"PLANTA is building a team of inclusive, strategic and dynamic leaders that embody a leadership style that promotes equity, productivity and workplace satisfaction. Our mission is to MAKE AN IMPACT. We achieve this through our dynamic team composed of champions across all realms of the hospitality industry - from creative and marketing to culinary, beverage and beyond creating the ultimate guest experience.We are so thrilled to be OPEN in the heart of Miami Beach and look forward to getting to know YOU. We are searching for go-getters who thrive on teamwork and creating memorable guest experiences. To learn more about us check out some of our recent write-ups:Miami New Times https://www.miaminewtimes.com/location/planta-south-beach-10369119Time Out Miami https://www.timeout.com/miami/restaurants/best-restaurants-in-south-beachUSA Today https://www.usatoday.com/picture-gallery/travel/experience/food-and-wine/2019/10/02/best-vegetarian-restaurants-america-according-opentable/3830782002/If you want to be a part of a company that is changing the hospitality game, then PLANTA could be for you. We think about sustainability in everything that we do and are showing guests all over North America how easy it is to remove animals from the plate.SOUS CHEF: Reporting to the Chef de Cuisine, the Sous Chef will be responsible for leading a team and maintaining food quality, consistency, inventory, and cost.WHAT'S ON YOUR PLATE: Champions the brand’s vision and values and contribute to a culture of positivity and high standards where all employees CHASE perfection in everything they doCreate an environment that is warm, welcoming and filled with positivity for guests and employeesUphold our standards at all times and treat everyone with courtesy and respectCommunicates with Chef/Sous Chef and other Team Members to learn of daily menu needs, events, and important shift information.Conducts walk-through of restaurant upon arrival to assess cleanliness and determine restaurant readiness; assesses stock and production status; determines production needs; visits each station to assess quality of previous night’s close and quality of remaining product, and communicates this with other Team Members and managers/chefs.Conducts walk-throughs during each shift in order to monitor each station’s product quality, the status of production, and ingredient supply (including walk-in refrigerator).Ensures stations are appropriately staffed and stocked before the restaurant opens and throughout shifts.Conducts uniform and line check at the start of and throughout each shift.Executes staff schedules; ensures that all stations are appropriately staffed for the shift; ensures a smooth shift change following established procedures; assesses stations that need additional support and jumps in; phases out extra scheduled staff as volume permits; runs labour reports and enters staff schedule changes, adjusts clock in/out errors of Team Members when necessary.Communicates with Team Members and other managers/chefs to plan and set expectations for the shift.Communicates with Chefs and Managers to ensure required prep work is completed for each shift.Ensures proper safety and sanitation procedures are upheld by all Team Members; ensures safe and sanitary workstations and walk-in.Reads and writes notes in Manager’s Log, on waste sheets, etc.Reviews all daily and weekly reports (e.g., actual vs. projected report, production sheets, inventory/invoices, daily detailed labor report), and communicates restaurant’s results.Achieves continual growth in operational standards as demonstrated by improved efficiency and quality of food and kitchen operations.Ensures benchmarks are achieved for Team Member development and retention.Performs various human resource functions; sources qualified candidates from the local area; holds departmental meetings to give direction and provide information to Team Members; observes Team Members’ on-the-job performance and conducts kitchen Team Member performance evaluations; is accountable for kitchen hiring, routine written performance appraisals, discipline and terminations.Teaches culinary skills and proper technique, trains and supervises team members on all restaurant procedures; teaches and coaches while correcting Team Members; helps create and maintain written goals and benchmarks for self and Team Member development, analyzes the performance of Team Members while on the job.Helps achieve profit objectives by measuring and managing food, waste and labor costs and controllable expenses; analyzes production sheets; minimizes waste and labor costs; monitors receivable pricing and makes price changes when necessary; checks specs on deliveries; understands and achieves financial goals. Checks portioning, garnishing, temperature, taste, and appearance of food to ensure quality and recipe adherence.Operates and maintains the working order of all equipment in the kitchen; troubleshoots equipment, and organizes repairs and maintenance.Is responsible for kitchen inventory and purchasing; ensures that there is enough product on hand to complete daily production; orders new stock; purchases special order supplies if necessary; ensures proper rotation and labeling of ingredients and products.Understands and interprets P&Ls and other financial statements.Interacts with FOH Team Members and Guests by greeting them, providing service, answering questions, solving problems, and handling complaints.Manages freezer and walk-in, assesses first use needs in walk-in to ensure reduced product waste; ensures all freezer pulls are performed pro-actively.Protects the integrity of all recipes and procedures.Follows established procedures to obtain results and ensures proper opening and closing procedures and proper station set-up compliance.Adjusts PAR levels as appropriate; ensures accuracy of production sheets; anticipates and communicates production changes to Team Members immediately.Reviews invoices to ensure accuracy, correcting errors if necessary.Demonstrates exceptional energy and stamina; upholds the highest quality standards for food, service and financial management; requires that kitchen operations meet his/her personal “stamp of approval” at all times. Develops a team to execute shift duties independently of his/her own involvement.Upholds the values and principles in our vision, is positive and constant in the development of themselves and those around them.INGREDIENTS YOU WILL BRING TO THE TABLE: 2+ years experience as a Sous Chef and 5+ Years of Culinary experiencePlant-based, vegan or vegetarian experience is an assetFully understand and embody Chase Hospitality Group’s can-do attitude, demonstrating a level of passion and dedication where no task is beneath you.Thrive in a collaborative environmentA proactive team player that embodies our spirit of entrepreneurship and mutual respectStrong interpersonal and problem-solving abilitiesWHAT WE OFFER: Competitive compensationMedical and dental provided upon eligibility. (100% covered by the company for the employee)Mentorship and guidance from Top Hospitality LeadersGrowth opportunities within diverse and expansive concepts50% discount - Available to use at our phenomenal locations!At PLANTA we do not tolerate any form of discrimination in the workplace, including during the recruitment stages. As such, all applications are viewed by our diverse recruitment team that uses a holistic and equitable approach.PLANTA is an equal opportunity employer committed to diversity and inclusion. We are pleased to consider all qualified applicants for employment without regard to race, color, religion, sex, sexual orientation, gender identity, national origin, age, disability, protected veterans status, Aboriginal/Native American status or any other legally-protected factors. Disability-related accommodations in accordance with the Americas with Disabilities Act during the application process are available upon request.Job Type: Full-timeBenefits:Dental insuranceEmployee discountHealth insuranceLife insurancePaid time offReferral programSchedule:10 hour shiftHolidaysNight shiftWeekendsWork Location:One locationJob Setting:RestaurantCompany's website:www.plantarestaurants.comBenefit Conditions:Waiting period may applyWork Remotely:No"
3,644,Steward for Sustainability and Everyday Good,Tom's of Maine,"Kennebunk, ME",881b5bcbe9326589,644,"Relocation Assistance Offered Within Country
# 99440 - Kennebunk, Maine, United States
Tom’s was founded on core values of natural, sustainable, ethical and innovative. We make great products that help create a better world.
Our sustainable steward will be the passionate, beating heart in our brand and enforce, expand, and uphold these values every day.
Ideal background: This role is a unique and powerful opportunity for the right person. It’s a big picture thinking position grounded in a true passion for sustainability.
We’re flexible, but ideally the right candidate is comfortable from a technical/science background, as they will need to understand ingredients and work with R&D & outside certifications. But having a confident grasp on cross functional communications and brand strategy is a strong plus. You’ll be an important story-teller, crafting communication strategies for all of the good things we do and sharing them within our company and externally.
What you’ll do:
Enforce our position as the industry leader in naturals and sustainability. Is a new ingredient good enough? Is a formula clean enough? Is our packaging sustainable enough? YOU will be the person we turn to for these answers.
Elevate and envision our Stewardship, Sustainability and Giving 4 Goodness Strategies for today and tomorrow.
Manage projects flawlessly, communicate clearly, act decisively.
Safeguard our quality and ensure compliance of Toms' standards and approve new ingredients and packaging. Lead 3rd certifications such as B-Corp.
Develop our “doing good” and “giving back” side. We need to walk the walk, not just talk the talk. You make this happen by identifying potential programs, adhering to selection criteria, and guiding the council through donation approvals.
Develop a long-term vision for Tom's internal and external sustainability by working with our innovation packaging & communication teams.
Requirements
B.A. / B.S. Degree required. Degrees in the following a plus: Communications, Corporate Social Responsibility, Sustainability, Science, Engineering
8+ years of work experience required; communications, social responsibility experience a plus
Experience working in consumer product goods preferred
Passion for corporate responsibility, natural products and sustainability
Demonstrated leadership and strategy development skills
Highly collaborative and comfortable with working with cross-functional teams and various levels of management
Experience engaging / partnering directly with customers and associations to build and execute mutually beneficial solutions
Demonstrated high level of initiative, assertiveness and self-direction
Strong project management skills, with the ability to handle multiple tasks simultaneously
Strong written, verbal and presentation communication skills
Ability to embrace change. Adaptable to changing consumer needs; willingness to be flexible
Equal Opportunity Employer
Colgate is an equal opportunity employer and all qualified applicants will receive consideration for employment without regard to race, color, religion, gender, gender identity, sexual orientation, national origin, ethnicity, age, disability, marital status, veteran status (United States positions), or any other characteristic protected by law
Are you interested in working for Tom's of Maine? You can apply online and attach all relevant documents such as a cover letter and resume or CV. Applications received by e-mail are not considered in the selection process. Become part of our team. We look forward to your application.
Empowering a naturally healthy life – for our family and yours – for over 45 years. When Tom and Kate Chappell moved to Maine and started making natural personal care products, they were guided by two simple philosophies.
First, that it was possible to make effective personal care products that were free from artificial flavors, fragrances, sweeteners, colors and preservatives.And second, that businesses should be good corporate citizens working to care for the planet and communities. These same philosophies guide us to this day. Tom’s of Maine products – including toothpaste, deodorant, mouthwash, bar soap, body wash, lotions and lip balms – are sold across the United States and Canada. And because we are so committed to giving back, we donate 10% of our profits to charitable organizations, and our employees can use 5% of their paid time volunteering for causes they are passionate about.
Tom’s of Maine is a division of Colgate-Palmolive, a leading global consumer products company, tightly focused on Oral Care, Personal Care, Home Care and Pet Nutrition, with sales of products in more than 200 countries. To learn more about Tom’s of Maine and Colgate, please visit http://www.tomsofmaine.com and http://www.colgatepalmolive.com, or find us on LinkedIn, Facebook, Twitter, Instagram and YouTube.
Reasonable accommodation during the application process is available for persons with disabilities. Please contact Application_Accommodation@colpal.com with the subject ""Accommodation Request"" should you require accommodation."
4,645,Loader Operator & Quality Control Technician,CRH,"Steamboat Springs, CO 80487",cc46fe639cfce9d2,645,"Job ID: 278719United Companies, is a CRH Company. Our purpose, commitment to the future, and formula for growth is to champion the safety, empowerment, and development of our employees. We strive to be The Preferred Source of quality sand, rock, landscape products, ready-mixed concrete, asphalt, paving and construction services. We succeed as a team by embracing integrity, mutual respect, innovation, service, sustainability, and financial strength.*Summary*This is a skilled position involving responsibility for the safe operation of heavy equipment and sampling of Ready Mixconcrete materials. Responsibilities include proper collection of materials to be tested, proper and accurateanalysis of the materials, and accurate reporting and documentation of results, startup and shutdown ofproduction facility and operation of front-end loader.This position requires interaction with customers and general public. It will include general labor responsibilities including safely performing plant maintenanceduties and other various manual tasks. Position reports to the area Plant Operator.*Essential Duties and Responsibilities*Participates in daily TRACK meetings plus weekly safety meetings.Assists in plant production of materials and ensures for the efficient working condition of the plant.Ensures that all assigned equipment is properly maintained, clean, in safe working order and operated properly.Prepares plant for operations at the beginning of each shift and performs shut down procedures at the end of day.Operates front end loader, skid steer, and other equipment as needed.Performs routine plant & mobile equipment maintenance and repairs as needed.Safely and efficiently collect samples for testing.Perform sampling, testing and reporting procedures according to established protocol, having the ability to test material samples and recording test results in a timely and accurate manner.Promptly report non-compliant tests to plant operator when applicable.Maintain daily record of test results, prepare daily reports and submit results to plant operator.Perform daily housekeeping operations and maintain a clean plant environment.Properly follow all company policies and MSHA & OSHA regulations for safe working procedures and environmental best practices.Report any problems to the Plant Operator, Area Manager, Safety Manager, or Human Resources Manager.Perform job tasks in accordance with industry best practices and requirements of the equipment (lifting, carrying, sitting, walking, and climbing).Perform other duties as assigned by supervisor.*Education and/or Experience*High school diploma or general education degree (GED) preferred.ACI Field Level 1 Certification andFront end loader experience*Computer Skills*To perform this job successfully, an individual should be able to type and use keyboards accurately and haveknowledge of Database software.*Certificates, Licenses, Registrations*ACI Field Level I PreferredDriver License - Preferred, not required*Other Qualifications*May be subject to drug testing and physical agility testing.*What CRH Americas Offers You**A culture that values opportunity for growth, development and internal promotionHighly competitive base payComprehensive medical, dental and disability benefits programsGroup retirement savings programHealth and wellness programsHourly Range: $16.00 to $19.00*About CRH Americas*CRH Americas has a long and proud heritage as one of North America’s largest corporations. We are a proud reflection of the hundreds of family businesses, local and regional companies and mid to large sized enterprises that together form the CRH Americas family. CRH Americas operates with a decentralized, diversified structure, letting you work in a small company environment while having the career opportunities of a large enterprise.CRH Americas is a great place to grow! If you’re up for a rewarding challenge, we invite you to take the first step and apply today! Please complete your online application and profile which will be sent directly to the appropriate Hiring Manager. Thank you for your interest in the CRH Americas family!United Companies is an Affirmative Action and Equal Opportunity Employer.EOE/Vet/Disability-If you want to know more, please click on this link.Job Type: Full-timePay: $16.00 - $19.00 per hour"
5,646,Master Carpenter/ Skilled Trades Specialist,Brodie Builders,"Austin, TX 78744",800d7cc3e9f91c0e,646,"We are seeking individuals that are highly skilled in one or more building trades; Plumbing, Electrical, Carpentry, Etc.OverviewFounded in 2018, Brodie Modular is a design focused company that develops residential properties from the ground up. Consistently ahead of the curve of new technologies and always innovating, we have built a brand that regularly outperforms the competition in every market we enter. Brodie is forcing the construction industry into the future, and proving there is a market of buyers who value sustainability, design, and innovation.We are searching for several experienced Master Carpenters/ Skilled Trade Specialists who are passionate about craftsmanship and are looking for professional growth opportunities within a start-up environment. We pride ourselves in maintaining a superb company culture in the setting of our new air-conditioned state of the art factory, where we understand the importance of a team atmosphere. Highlights of our benefits package include medical, vacation, paid time off and regular team lunches.Our Master Carpenter/ Skilled Trade Specialist will execute Brodie Builder’s vision by working closely with the Plant Manager and fellow team members to successfully implement the production of sustainable modular home units. This will be accomplished through a variety of tasks ranging from rough steel and wood framing, trim carpentry, plumbing, electrical, insulation, drywall, roofing, HVAC, cabinet making, and tile and wood flooring installations. While the day-to-day responsibilities vary to reflect the schedule and workload of the business and will adapt to further growth, as a whole, the Master Carpenter/ Skilled Trade Specialist holds the primary responsibility of ensuring the successful completion of complex tasks and general construction work. This is a new position in a start-up environment; initiating projects and collaborating with our team as a whole will be emphasized within the first phase of this role.Reporting to the Plant Manager and working closely with each member of the team as it rapidly grows, the Master Carpenter/ Skilled Trade Specialist is a crucial leader within each project. The ideal candidate has several years of construction experience and basic knowledge of all components of building a home. This person will need to be teachable, possess leadership skills, and have excellent physical stamina and familiarity with worksite safety policies. The focus will be to bring craftsman processes to the next level as a hands-on doer that leads by example -- not just a planner or a delegator.We are a small, tightly-knit team, and we take pride in producing high-quality results through high-quality work. We are seeking a candidate with long-term potential who will feel comfortable adapting to growth.LocationOur factory and head office is located at 4400 Supply Court Austin, TX 78744. Travel may occasionally be necessary but is not a significant portion of this position.ScheduleFull-Time, 40 hours per week, exempt position. Hours generally fall between 8:00 am - 5:00 pm Monday through Friday, though occasional evening, weekend, or holiday hours may be required.CompensationBase salary dependent on experience, ranging between $50,000 to $75,000 < $24.00 - $36.00 per hour>. Health and Dental benefits offered. Bonus structure will also apply. W-2 Employee. This position has significant opportunity for advancement potential corresponding with company growth.Day-to-Day OwnershipThis is an opportunity to impact and elevate the entire organization on a daily basis. The Master Carpenter’s/ Skilled Trade Specialist's day-to-day will reflect current and ongoing projects, but can generally be designated within and held accountable to the following:> Engagement and Communication:  inform the Plant Manager of the current progresses of projects, including any concerns, problems, delays, etc; communicate the amount of labor, time and materials needed for each project; creatively solve problems to help gain efficiencies in a factory setting; follow all safety guidelines; etc.> Project Management:  including material takeoffs, listing materials, reviewing plans and drawings, and communicating effectively with the Plant Manager as necessary; be the driving force from start through completion using your expertise and time management skills; stay up to date with latest carpentry best practices and industry trends; etc.> Facilities:  in tandem with Plant Manager, help ensure that the standard set for equipment and tech in the facilities are upheld; ensure efficiency and consistency within the factory; ensure work is able to be completed in a manner that is mindful of project schedule; etc.> Team Coordination: share a trusting relationship with workgroup; collect and analyze data to find opportunities to correct waste or reductions in safety/quality standards; work together to achieve agreed-upon commitments, production output goals, and timelines; exemplify core values in all projects; maintain up to date process references and best practice documentation; etc.OutcomesCollaboration with the Plant Manager and fellow team members is consistent, with a high level of mutual respect upheld.Craftsman processes are clear, well-documented, and serve the sustainability of the company. They are followed on each project, and the necessary trackable tools implemented to empower team members to achieve company goals. Workflow is constantly re-assessed and refined to optimize efficiency and output.Each project is completed within budget, on time, and to Brodie’s quality and safety standards.Each project schedule is followed and only adjusted with proper communication to the Plant Manager as needed based on production realities.Efficiency and process is consistently improving, with corresponding results in project output and company growth.Everyone is rowing together in the same direction. The Master Carpenter helps model the way, always working toward the greater good of the business. A high level of effective communication exists throughout the organization.Characteristics & Skills Proactive & self-motivatedYou have an inherent ability to prioritize, and take action without being asked to do so and encourage others around you to become self-starters as well.Solution-orientedYou are solution-oriented when solving problems.Team playerYou have the ability to complete all tasks while helping others grow within their skillset, can anticipate the needs of the team, and are able to hold people accountable without micromanaging them, and consider yourself a mediator.Detail-orientedThe little things matter to you; you notice minor discrepancies & dig in to not only understand them but to resolve them.FinisherYou finish projects that you start and over-deliver on expectations.Quality-focusedYou don’t call a project done until it’s perfect & error-free, and strive to establish protocols to avoid repeating errors in the future.Safety-drivenYou make safety a top concern by keeping your workspace free from hazards, and by utilizing proper protection on all tasks.Hands-on doerYou have the desire & ability to roll up your sleeves and get in the trenches to ensure projects stay on schedule.Strong organizational skillsYou give meticulous attention to detail with superb organizational skills; having a place for everything that can be interpreted and accessed by others.Excellent plannerYou work well under pressure and plan ahead on a daily, weekly, monthly, and annual basis to ensure commitments, deadlines, and goals are met whether last-minute or long-term.Bias and talent for automationYou live to automate manual processes and have the ability to build tools that reduce manual effort.AdaptableYou are able to work in a fast paced, changing environment, and can clearly communicate refinements while upholding a consistent throughline of quality.QualificationsThe ideal candidate has:High school diploma or GED Certificate.Complete apprenticeship in a construction trade(s), such as flooring or drywall.3+ years of experience as a Master Carpenter or within your Skilled Trade Specialty.Ability to read construction documents.Strong physical stamina.Key eye for safety violations.Excellent communication and team building skills with the ability to crosstrain.Experience in building trades.Experience with steel framing is a BONUS.All of the Characteristics & Skills listed in the chart above, and a track record to prove it.Physical RequirementsAbility to safely lift up to 100 lbsAbility to type and operate all necessary equipmentAbility to withstand exposure to varying conditions of noise and sound as well as physical exertionAbility to walk amidst varying manufacturing and construction sites for inspectionsAbility to bend, squat, and kneel**Zero tolerance drug free employer, including pre-employment and periodic screening**Please note that Brodie’s office and factor are ADA compliant, and Brodie will do their best to make accommodations for the qualified applicant with mobility limitations or other disabilities. We encourage everyone of differing abilities to apply, but while doing so, please let us know what accommodations are required in your working environment.Brodie provides equal employment opportunities (EEO) to all employees and applicants for employment without regard to race, color, religion, gender identity, sex, national origin, age, disability, genetics, marital status, or sexual orientation.The responsibilities and duties listed above are intended to communicate general priorities for this position, but should not be understood as an exhaustive list of all job requirements to be completed through the duration of employment with Brodie.What to Expect After Applying (Last Updated May 5, 2021): We review all applications received.If your materials spark interest, we'll send you a brief questionnaire as well as a Culture Index Assessment. This allows us to round out your submitted materials, and convene as a team to decide which candidates might be a good fit.﻿﻿If your materials all seem to align, we'll invite you to an initial, 15 minute phone screening with the hiring manager.If the conversation proves fruitful, promising candidates will be invited to either a 2nd phone screening with a member of our team and/or be invited to participate in a full-length interview that lasts 1-2 hours. This may include or be followed by a skill demonstration.We expect to complete hiring by the end of May, though details of our timeline are subject to change, and can vary between candidates.Job Type: Full-timePay: $50,000.00 - $75,000.00 per yearBenefits:Dental insuranceHealth insurancePaid time offSchedule:8 hour shiftMonday to FridaySupplemental Pay:Bonus payAbility to Commute/Relocate:Austin, TX 78744 (Required)Education:High school or equivalent (Required)Experience:Master Carpentry: 3 years (Required)Work Location:One locationLabor type:ConstructionWork Remotely:NoCOVID-19 Precaution(s):Remote interview process"
6,647,Summer Student Temp,3M,"Aberdeen, SD",81b9a3fdaedeaa13,647,"Job Description:

Summer Student Temp
Collaborate with Innovative 3Mers Around the World
Choosing where to start and grow your career has a major impact on your professional and personal life, so it’s equally important you know that the company that you choose to work at, and its leaders, will support and guide you. With a diversity of people, global locations, technologies and products, 3M is a place where you can collaborate with 93,000 other curious, creative 3Mers.
“3M’s culture is driven by curious, spirited and collaborative people who are constantly asking ‘What if?’ And the many talents of 3Mers around the globe have me incredibly excited about what’s to come next.” – Kristen Ludgate, senior vice president of Human Resources at 3M
The Impact You’ll Make in this Role
As a Summer Student Temp, you will have the opportunity to tap into your curiosity and collaborate with some of the most innovative and diverse people around the world. Here, you will make an impact by:
Implementing innovation, sustainability, and continuous improvement to drive growth and increase efficiency.
Determining to do your best and challenge others to live and work differently.
Creating a positive, inclusive work environment that fosters learning and development for all.
Supporting production by monitoring processes, ordering inputs, loading semi-finished materials, inspecting materials, and performing quality inspections to release product.
3M Aberdeen has summer opportunities in Production, Maintenance Technician, Electrical Systems Technician, Quality Assurance, Supply Chain, Logistics, and more.

Please indicate in your application educational and work experience to identify the job for you.
Your Skills and Expertise

To set you up for success in this role from day one, 3M is looking for candidates who must have the following qualifications:
Must be 18 years of age upon hire date.
Possess a High School Diploma/GED or higher (completed and verified prior to start).
Candidate must be a 2021 High School Graduate, or must have completed at least one semester of post-secondary as a full-time student within the current year to be eligible for summer work.
Must be able to perform shift work such as rotating or midnight shifts, and work overtime, weekends and holidays as needed.
Additional qualifications that could help you succeed even further in this role include:
Possess attention to detail and knowing the importance of following operating procedures and customer specifications to produce quality products, which are delivered to customers on time.
Be a team player who works effectively within a work team and collaborate with other teams.
Thrive on making things not only better, but different through continuous improvement and problem solving.
Take pride in maintaining neat and orderly conditions where you work and promote safe conditions.

Relocation: Is not authorized
Must be legally authorized to work in country of employment without sponsorship for employment visa status (e.g., H1B status).
Supporting Your Well-being
3M offers many programs to help you live your best life – both physically and financially. To ensure competitive pay and benefits, 3M regularly benchmarks with other companies that are comparable in size and scope.
Resources for You
For more details on what happens before, during and after the interview process, check out the Insights for Candidates page at 3M.com/careers.
Learn more about 3M’s creative solutions to the world’s problems at www.3M.com or on Twitter @3M.
Responsibilities of this position include that corporate policies, procedures and security standards are complied with while performing assigned duties.
3M is an equal opportunity employer. 3M will not discriminate against any applicant for employment on the basis of race, color, religion, sex, sexual orientation, gender identity, national origin, age, disability, or veteran status.
Please note: your application may not be considered if you do not provide your education and work history, either by: 1) uploading a resume, or 2) entering the information into the application fields directly.
3M Global Terms of Use and Privacy Statement

Carefully read these Terms of Use before using this website. Your access to and use of this website and application for a job at 3M are conditioned on your acceptance and compliance with these terms."
7,648,Staff Air Quality Consultant (Entry Level),ERM Group,"Austin, TX 78701 (Downtown area)",d7b394daa4a026e4,648,"ERM is seeking a motivated Air Quality Staff Consultant to join our consulting team in Austin, TX . The successful candidate will work on a variety of interesting technical projects for clients in the oil & gas, power, technology, and chemical sectors throughout Texas and neighboring states. This position is an excellent career opportunity to work with an expert consulting team on challenging environmental management projects for large industrial and global clients. Access to ERM's national Air Quality & Climate Change experts provide knowledge sharing of best practices across the industry and ongoing learning opportunities for our team.
ERM’s Air Quality & Climate Change technical community pursues and wins highly innovative engagements for the most interesting clients, providing the full breadth of air quality and climate change services. With annual global sales in excess of $50 million, ERM’s Air Quality & Climate Change service area is one of the largest among its peers in our industry and is steadily growing at a double-digit pace. In North America alone, ERM has more than 300 dedicated air quality and climate change professionals assisting clients with projects as diverse as developing responses to emerging Low Carbon Fuel Standards, to leading complex capital projects through the many hurdles associated with the New Source Review (NSR) permitting program.
RESPONSIBILITIES:
Conduct air quality analyses, assess regulatory compliance, and perform regulatory applicability evaluations.
Develop complete and accurate air quality permits for Title V, Prevention of Significant Deterioration (PSD), and New Source Review compliance. Interact with local regulators to steward permit application review and issuance.
Prepare emission inventory reports; quantify air pollutant emissions and impacts.
Evaluate air pollution control technologies, including technical and economic feasibility of air pollution control equipment.
Implement climate change projects, such as greenhouse gas inventories, emission reductions, energy efficiency, public disclosure and verification.
Assist clients with Maximum Achievable Control Technology (MACT) compliance programs.
Prepare recommendations and reporting of results.
Perform multiple tasks within scope/budget/schedule expectations and ensure quality standards on project deliverables.
Interact and maintain successful relationships with clients, ERM employees, and subcontractors.
REQUIREMENTS:
BS in chemical, environmental, or mechanical engineering or BS in environmental or related sciences; MS preferred but not mandatory.
Recent graduate to 3 years of direct consulting or industry experience involving environmental permitting and compliance. Experience with air quality construction permits and Title V permitting; PSD, NSR, Best Available Control Technology (BACT), and/or MACT experience a plus.
Demonstrated understanding of air emissions and emission reporting processes.
Strong hands-on spreadsheet and database comprehension.
Excellent written and verbal communication skills.
Ability to succeed in a fast-paced consulting environment, handling multiple project assignments, meeting strict deadlines, and traveling to client facilities as needed.
Who We Are:
As the world’s leading sustainability consulting firm, ERM is uniquely positioned to contribute to the environment and society through the expertise and energy of our employees worldwide. Sustainability is what we do, and is at the heart of both our service offerings and how we operate our business. ERM and our partners are driven by a dynamic vision: By 2021 we will be the clear leader in our chosen markets, we will double in value and we will deliver on our promises to our clients, our people and our investors. For our people, our vision means attracting, inspiring, developing and rewarding our people to work with the best clients and on the biggest challenges, thus creating valuable careers. We achieve our vision in a sustainable manner by maintaining and living our ERM values that include Accountability, Caring for our People, Client Focus, Collaboration, Empowerment, and Transparency.
Please submit your resume and brief cover letter. Based on review of these responses, shortlisted candidates will be invited for interviews.
ERM does not accept recruiting agency resumes. Please do not forward resumes to our jobs alias, ERM employees or any other company location. ERM is not responsible for any fees related to unsolicited resumes.
ERM is proud to be an Equal Employment Opportunity employer. We do not discriminate based upon race, religion, color, national origin, gender, sexual orientation, gender identity, age, status as a protected veteran, status as an individual with a disability, or other applicable legally protected characteristics.
Thank you for your interest in ERM!"
8,649,New Profit Inc.,City of Boston,"Back Bay, MA 02116 (South End area)",99ec1a8e0fe9d7d8,649,"Overview:

**This position will be: Hybrid: In-Person and Remote**
We are tenacious about outcomes and pursue ambitious results at the scale of the challenges tackled by our community. We evaluate the impact of our funding and support on our grantee-partners� ability to increase their organizational capacity, scale, sustainability, and impact. We also measure the widespread impact of our ecosystem building efforts that aim to transform how government and philanthropy pursue social change.
Key Duties and Responsibilities:

Support the People Ops and Operations team with various administrative tasks Maintain the office Conduct research Answer the phone Open the mail
The Ideal Candidate for this Job:

We are looking for a youth, who is responsible, mature and eager to learn."
9,650,Logistics Support Analyst,Peraton,"Chantilly, VA",c43018565495fbf0,650,"Peraton Overview

Peraton drives missions of consequence spanning the globe and extending to the farthest reaches of the galaxy. As the worlds leading mission capability integrator and transformative enterprise IT provider, we deliver trusted and highly differentiated national security solutions and technologies that keep people safe and secure. Peraton serves as a valued partner to essential government agencies across the intelligence, space, cyber, defense, civilian, health, and state and local markets. Every day, our 22,000 employees do the cant be done, solving the most daunting challenges facing our customers.
We are an Equal Opportunity/Affirmative Action Employer. We consider applicants without regard to race, color, religion, age, national origin, ancestry, ethnicity, gender, gender identity, gender expression, sexual orientation, marital status, veteran status, disability, genetic information, citizenship status, or membership in any other group protected by federal, state, or local law.

As a government contractor, Peraton abides by the following provision

Pay Transparency Nondiscrimination Provision

The contractor will not discharge or in any other manner discriminate against employees or applicants because they have inquired about, discussed, or disclosed their own pay or the pay of another employee or applicant. However, employees who have access to the compensation information of other employees or applicants as a part of their essential job functions cannot disclose the pay of the other employees or applicants to individuals who do not otherwise have access to compensation information, unless the disclosure is (a) in response to a formal complaint or charge, (b) in furtherance of an investigation, proceeding, hearing, or action, including an investigation conducted by the employer, or (c) consistent with the contractors legal duty to furnish information. 41 CFR 60-1.35(c).

Qualifications

Requires 10 to 12 years with BS/BA or 8 to 10 years with MS/MA or 5 to 7 years with PhD.
Responsibilities

Peraton is currently looking for a Logistician for the Armys $500M Product Manager (PM) Defense Communications and Army Transmission Systems (DCATS) Outside Plant (OSP) Capability Set. The Installation Information Infrastructure Modernization Program (I3MP) implementation requirement is to Engineer, Furnish, Install, Secure, and Test (EFIS&T) and document a turn-key solution to modernize the OSP distribution systems. This program employs engineers and technicians across multiple partner companies in the sustainment of a CONUS operation. The PM serves as the contractor's contract manager, and is authorized interface with the Government Contracting Officer (CO), the Contracting Officer's Representative (COR), Government management personnel and customer agency representatives. The PM is responsible for formulating and enforcing work discrepancies, supervising contractor personnel and communicating policies, purposes, and goals of the organization to subordinates.

General Responsibiliities:
Provides acquisition logistic support including sustainability, reliability, maintainability, and availability of the system's components. Candidate to be an OSP subject matter expert in planning, scheduling, procuring, and reporting on multiple concurrent projects. Provides support to the logistics function preparing logistics documentation to establish the range and depth of spares, tools, test equipment and related manuals to be deployed and stocked. Determines maintenance and repair materials and standards required for deployment. Develops requisitions for and manages records of equipment, components, repair parts and related manuals; tracks logistics materials and parts for proper allocation of storage facilities; reviews configuration changes to evaluate impact on logistics deployment; documents equipment, component and parts conditions; and identifies logistic support documentation to be included such as drawings, technical manuals, and maintenance requirement cards to support lifecycle of product. Works on logistics and maintainability programs on issues such as technical evaluation and identification of systems logistics requirements and resources. Analyzes, organizes, plans and administers various phases of day-to-day provisioning, spares, or maintenance/repair activities for one or more programs. Reviews contractual documents, technical data, customer usage data, customer maintenance practices, customer operation characteristics, and related reports for assigned contracts to determine spares provisioning or maintenance/repair requirements. Identifies, prioritizes, and assesses key logistics assets and infrastructures. Conducts distribution and network studies, monitors inventory and analyzes requirements in order to develop strategies to achieve desired delivery times. Generally requires knowledge of the Federal Supply System as well as automated and manual supply systems and equipment serviceability standards and criteria.
For Colorado Residents
Colorado Salary Minimum: $75,940.80
Colorado Salary Maximum: $162,344.00

The estimate displayed represents the typical salary range for this position, and is just one component of Perspecta's total compensation package for employees. Other rewards may include annual bonuses, short- and long-term incentives, and program-specific awards. In addition, Perspecta provides a variety of benefits to employees."
10,651,Integrated Supply Chain Entry Level Full Time Positions,Cummins Inc.,"Columbus, IN",463400a6db4dbe34,651,"Integrated Supply Chain Entry Level Full Time Positions
P lease note: Your application will be considered for all of our open Integrated Supply Chain college positions in our US locations.
Cummins is a place big enough to coach and develop a global workforce and create the world’s leading clean, engine technology. We’re also small enough for you to find your fit and personal passion with a team of dependable, innovative thinkers who are developing their careers within a diverse, inclusive, empowering environment.
Health & Safety
Focus on creating a safe and healthy workplace and raising awareness of situations or behaviors that might lead to injury or illness.
Manufacturing
A vital link in our supply chain is manufacturing and the improvement of our operational excellence. A pply common approaches in all Cummins manufacturing, warehousing, and distribution entities.
Additionally, you will help to improve our worldwide manufacturing performance with an emphasis on throughput, schedule stability, and waste reduction.
Planning and Logistics
Apply your planning and logistics skills in materials, production, customer service, demand management, logistics, warehousing, transportation and trade compliance.
Purchasing / Supplier Management
More than half of every dollar we collect is spent within our supply base, so you can make a big impact in Purchasing. Finding the best suppliers. Negotiating for sustainability. Working with partners across our Supply Chain. Developing optimal strategies. There is more to Purchasing than you’d expect!
Quality
Have the opportunity to continuously improve Cummins processes using quality tools and skills. You’ll work with other functions to find, qualify, and improve suppliers. You’ll work with manufacturing to implement and improve manufacturing processes.
Qualifications
Degree Programs Considered: Bachelor’s, Master’s, MBA, PhD
Major Programs Typically Considered: All Engineering Majors (including MET and EET) , All Supply Chain and Logistics Related Majors, All Health and Safety Related Majors, Economics, Informatics, and Statistics .
Entry Level Full Time Requirements:
College, university or equivalent technical experience required
Minimum 3.0 GPA preferred
Must be able to complete 40 hours per week
0-2 years in a position/internship relating to your field of study preferred

Compensation and Benefits
Base salary rate commensurate with experience. Additional benefits vary between locations and include options such as our 401(k) Retirement Savings Plan, Cash Balance Pension Plan, Medical/Dental/Life Insurance, Health Savings Account, Domestic Partners Coverage and a full complement of personal and professional benefits.
Cummins and E-verify
At Cummins, we are an equal opportunity and affirmative action employer dedicated to diversity in the workplace. Our policy is to provide equal employment opportunities to all qualified persons without regard to race, gender, color , disability, national origin, age, religion, union affiliation, sexual orientation, veteran status, citizenship, gender identity and/or expression, or other status protected by law. Cummins validates right to work using E-Verify. Cummins will provide the Social Security Administration (SSA) and, if necessary, the Department of Homeland Security (DHS), with information from each new employee’s Form I-9 to confirm work authorization.
Ready to think beyond your desk? Apply for this opportunity to start your career with Cummins today. careers.cummins.com
Not ready to apply but want to learn more? Join our Talent Community to get the inside track on great jobs and confidentially connect to our recruiting team: http://connect.find.ly/cummins"
11,652,Employee Transportation Coordinator,University of California - Irvine,"Irvine, CA",5a293f636f07bc21,652,"The Division of Finance and Administration (DFA) provides services and support to over 50,000 students, faculty, and staff with the mission of advancing UCI’s brilliant future and the vision of becoming world-class campus partners. DFA serves the university as planning partners, problem solvers, and solution providers—striving to make it as easy as possible for people to get the services they need, when they need them. UCI Transportation and Distribution Services oversees all transportation planning, parking, and mail services at the University of California, Irvine. UCI Transportation has an environmental commitment to reduce greenhouse gas emissions from all vehicles traveling on and around the UCI campus. This commitment to reduce costs and emissions is at the heart of every program and service offered to the UCI campus community.
Provides professional level analytical and technical support on a variety of projects related to the University sustainability efforts. Fully analyzes issues and problems, gathers data and information, finds and evaluates alternatives and makes sound recommendations.
Compensation Range:
Hourly: $25.86
Department Website:
https://www.fa.uci.edu
Required:
Two years of related experience.
Bachelor's degree and/or equivalent combination of education/experience/training in sustainable transportation.
Demonstrates ability to use sound judgment in responding to issues and concerns.
Proficient in communication and interpersonal skills to communicate effectively, both verbally and in writing.
Familiar with all software applications (Word, Excel, and PowerPoint, Access) and database applications.
Demonstrates ability to analyze, research, and synthesize large amounts of data with strong attention to detail.
Working knowledge of environmental sustainability and policy.
Knowledge of sustainability concepts and practices, including transportation demand management and clean energy.
Proficient ability to build collaborative relationships across the organization.
Preferred:
Employee Transportation Coordinator (ETC) preferred.
Working knowledge of U.S. Green Building Council rating systems.
Special Conditions Required:
Subject to background check. California Driver’s License and participation in the California DMV Employer Pull Notice (EPN) Program.
Possible night and weekend work.
Final candidate subject to background check. As a federal contractor, UC Irvine is required to use E-Verify to confirm the work status of individuals assigned to perform substantial work under certain federal contracts/subcontracts.
The University of California, Irvine is an Equal Opportunity/Affirmative Action Employer advancing inclusive excellence. All qualified applicants will receive consideration for employment without regard to race, color, religion, sex, sexual orientation, gender identity, national origin, disability, age, protected veteran status, or other protected categories covered by the UC nondiscrimination policy.
UCI provides reasonable accommodations for applicants with disabilities upon request. For more information, please contact Human Resources at (949) 824-0500."
12,653,Energy Analytics Intern (Summer 2021),"Steven Winter Associates, Inc.","New York, NY 10001 (Flatiron District area)",3025c35614045191,653,"Job Title:  Energy Analytics Intern (Summer 2021)Level:  EntryJob Location:  New York, NYTravel Percentage:  NoneThe Position and TeamSteven Winter Associates, Inc. (SWA) provides research, consulting and advisory services to improve commercial, residential and multifamily built environments for private and public sector clients. We specialize in energy, sustainability and accessibility consulting as well as certification, research & development and compliance services. Our team of professionals has led the way since 1972 in the development of best practices to achieve high performance buildings.SWA’s NYC office is not open due to COVID-19. This will be a work from home position until our office reopens. This is a paid internship for up to twelve weeks with the possibility of renewal. Hourly compensation is commensurate with experience and skills.This position reports to a Senior Energy Analyst.Primary Responsibilities for the position will include: Interns will be assigned to project teams to work with experienced professionals on real projects and research related tasks. Responsibilities will vary but generally include:Working closely with senior staff on multiple projects and/orDeveloping building geometries, HVAC zoning, and basic energy analyses using various softwareUsing OneClick LCA to calculate embodied energyAssist team members with energy research and studiesReviewing drawings and doing some researchParticipating in team meetings, as requiredKnowledge, Skills, and AbilitiesBelow is a list of the minimum requirements for the position.Currently pursuing a bachelor’s degree in a related fieldExcellent academic standing with high GPAScripting and CAD experience requiredPrior relevant internship experienceExcellent communication skills and the ability to work in a teamSelf-motivated, innovative and willing to take on new challengesProficient in Microsoft Office Programs (Excel, Word, Outlook, and PowerPoint)Data Visualization SkillsOther duties: Duties, responsibilities and activities may change at any time with or without prior notice.Physical Demands: While performing the duties of this job, the employee is regularly required to sit. The employee frequently is required to walk; use hands to type, handle or feel; reach with hands and arms; and talk or hear. The employee is occasionally required to stand.Travel Required: No travel is expected.Working Environment: All of the duties will be performed in an office environment.Performance Standards: Performance will be evaluated against this job description, competencies for this level, and mutually agreed goals.About Steven Winter Associates, Inc.Steven Winter Associates, Inc. (SWA) provides research, consulting and advisory services to improve commercial, residential and multifamily built environments for private and public-sector clients. We specialize in energy, sustainability and accessibility consulting as well as certification, research & development and compliance services. Our team of professionals has led the way since 1972 in the development of best practices to achieve high performance buildings.For further information on Steven Winter Associates, please visit www.swinter.com.SWA is an Equal Opportunity Employer – all qualified applicants will be afforded equal employment opportunities without discrimination because of race, color, religion, sex (including pregnancy, gender identity, and sexual orientation), national origin, age, disability, or marital status.Applications submitted without a cover letter will not be reviewed.APPLY HEREJob Type: Internship"
13,654,Research Analyst,JLL,"Portland, OR",27f438fa33dd2aac,654,"About JLL –
We’re JLL—a leading professional services and investment management firm specializing in real estate. We have operations in over 80 countries and a workforce of over 92,000 individuals around the world who help real estate owners, occupiers and investors achieve their business ambitions. As a global Fortune 500 company, we also have an inherent responsibility to drive sustainability and corporate social responsibility. That’s why we’re committed to our purpose to shape the future of real estate for a better world. We’re using the most advanced technology to create rewarding opportunities, amazing spaces and sustainable real estate solutions for our clients, our people and our communities.
Our core values of teamwork, ethics and excellence are also fundamental to everything we do and we’re honored to be recognized with awards for our success by organizations both globally and locally.
Creating a diverse and inclusive culture where we all feel welcomed, valued and empowered to achieve our full potential is important to who we are today and where we’re headed in the future. And we know that unique backgrounds, experiences and perspectives help us think bigger, spark innovation and succeed together.
If this job description resonates with you, we encourage you to apply even if you don’t meet all of the requirements below. We’re interested in getting to know you and what you bring to the table!

Analyst, Research – Portland Market
The Research Analyst will join the JLL Research team in Portland to build and continue to elevate a best-in-class research program that differentiates JLL.

You will have primary responsibility for collecting and analyzing data, maintaining and constantly elevating the quality of our data, and working with the Research team to present data in a compelling way. The Research Analyst will assist in tracking and analyzing all aspects of the local commercial real estate market, economic drivers and demographics and will leverage that knowledge proactively for research products, client projects and business development efforts. Successful candidates are passionate about what drives their city, economics and commercial real estate.

What this job involves

Collect and audit commercial real estate and economic data, including data on properties, leases, tenants, availabilities, developments, sales and owners
Follow established processes to ensure data excellence within our database, and regularly audit and refine datasets
Analyze market data to identify trends and understand economic and real estate market drivers
Present market insights and conditions as needed to internal teams and clients
Create compelling visualizations and provide meaningful insights on local market data, trends and drivers
Develop strong relationships with internal and external clients and facilitate the use of our technology tools
Demonstrate our tools and research capabilities to internal teams and clients
Develop and share best practice standards

Desired skills and experience for this job

Strong organizational, data collection, validation and auditing skills
Analytical skills, problem-solving ability and written and oral communication skills
Ability to execute and professionally meet client expectations and positively represent the firm
Ability to multi-task, succeed under pressure and effectively manage time and workload
Proficiency with Excel, PowerPoint, and Word and database systems
Exposure or familiarity with visualization tools preferred
Bachelor’s degree preferred, or equivalent years of experience
Motivated and self-starting with a desire to succeed and contribute to the success of a team
A desire to work within a diverse, collaborative, and driven professional environment
Passion for economic and real estate market drivers and/or urban planning and development

What you can expect from us
We succeed together and believe the best inspire the best, so we invest in supporting each other, learning together and celebrating our success.
Our Total Rewards program reflects our commitment to helping you achieve your career ambitions, recognizing your contributions, investing in your well-being and providing competitive benefits and pay.
We can’t wait to see where your ambitions take you at JLL. Apply today!

JLL Research consists of 570+ full-time professionals globally and is the largest research group in the real estate industry and among the best of any world-wide professional services firm. Our mission is ""To create clear competitive advantage for our clients through the strategic use of accurate data, market insights and innovative thinking from around the world."" We tell the real estate story, define the market and inspire action.
#LI"
14,655,Cultivator,Curaleaf,"Las Vegas, NV",d54900ad7c984d32,655,"Curaleaf Holdings, Inc. (CSE: CURA) (OTCQX: CURLF) (""Curaleaf"") is a leading U.S. provider of consumer products in cannabis, with a mission to improve lives by providing clarity around cannabis and confidence around consumption. As a vertically integrated, high-growth cannabis operator known for quality, expertise, and reliability, the company and its brands, including Curaleaf and Select provide industry-leading service, product selection, and accessibility across the medical and adult-use markets. Curaleaf currently operates in 23 states with 106 dispensaries, 23 cultivation sites, and over 30 processing sites, and employs over 4,600 team members across the United States. Home | Curaleaf | Cannabis with Confidence

Our corporate social responsibility is Rooted In Good Diversity, Equity, Inclusion + Social Equity + Sustainability Social Responsibility | Curaleaf | Cannabis with Confidence We believe in taking corporate and social responsibility very seriously, from our educational outreach to national partnerships, state-wide initiatives and local causes. Giving back to the communities where we operate is important to us, and helps to change old attitudes by showing the positive impact of cannabis in creating jobs, changing lives, and helping local communities.

We educate. We advocate. We give.
THIS POSITION IS LOCATED IN LAS VEGAS, NV.

Cultivators are responsible for executing production plans in keeping with the Company's operating procedures for greenhouse cannabis cultivation. Cultivators carry out the day-to-day assignments and tasks of the Cannabis production cycle. Company operates under the highest standards of professionalism.

Responsibilities:

Works with Director of Cultivation to plan for growing activities that are consistent with planned production schedules.
Prepares space required for planned production.
Cloning: cutting, rooting and transplanting; clone care, watering and feeding; clone monitoring and climate control; labeling; and inventory data input into state mandated electronic tracking system.
Monitors growing conditions and reviews changes in humidity, moisture and temperature and cultivation procedures to ensure conformance with quality control standards.
Inspects crop to ascertain conditions such as leaf texture, bloom size and the existence of pests or disease; removing substandard or diseased plants to maintain quality standards.
Plant monitoring and care during vegetative and flowering phase: trimming and staking; big leafing and pruning; plant care, watering and feeding; plant monitoring and climate control; pest and disease control; inventory data input.
Harvesting: cutting plants; trimming cut plants; removing flowering tops; weighing and inventory data input into the electronic inventory tracking system.
Curing: hanging and dry-racking flowers; monitoring curing process and climate control; labeling; weighing and inventory data input.
Preparation and packaging of all cannabis products will be needed during peak times; including extraction products.
Operating and maintaining cultivation systems/equipment: monitoring, calibrating, running and maintaining lighting, irrigation, climate control and other cultivation systems; stocking and handling production inputs and supplies; sanitizing and cleaning sgrowing areas, cultivation workspaces and tools.
Ensure daily compliance with policies and procedures including but not limited to; state compliance, security protocols, and access protocols.
Any other tasks assigned by Management

Requirements:

High School diploma or General Education Diploma (GED)
Knowledge of growing technologies, such as lights, irrigation, soil, nutrients, and more
Ability to execute techniques consistently
Good documentation, inventory, and organization skills
Ability to keep to a tight schedule
Excellent verbal interpersonal communication skills to interact with team members
Basic weights and measurement skills, ability to operate a scale
Must be at least 21 years of age
Subject to background check per state cannabis regulations

Physical Requirements:

Focus on a physical task for a long period of time without losing edge
Ability to sit for long periods of time depending on your position and/or getting up and down through your work shift
Manual dexterity; enough to reach/handle items, work with fingers
Exposed to heat and cold and internal temperature changes; exposed to outside working environments
Ability to lift up to 50 pounds unaided on a regular basis
Curaleaf is committed to creating a diverse environment and is proud to be an equal opportunity employer. All qualified applicants will receive consideration for employment without regard to race, color, religion, gender, gender identity or expression, sexual orientation, national origin, genetics, disability, age, or veteran status."
15,656,"Associate Vice President, Facilities and Construction Manager - cGMP Manufacturing","Agilent Technologies, Inc.","Frederick, CO 80504",36f483c0992cea82,656,"Agilent inspires and supports discoveries that advance the quality of life. We provide life science, diagnostic and applied market laboratories worldwide with instruments, services, consumables, applications and expertise. Agilent enables customers to gain the answers and insights they seek - so they can do what they do best: improve the world around us. Information about Agilent is available at www.agilent.com
Agilent is looking to recruit an experienced, versatile and dynamic individual to lead its Workplace Services (WPS) Organization for our rapidly expanding Nucleic Acid solutions business, based in Northern Colorado.
We own several leading-edge facilities equipped to serve customers oligo API needs for nucleic acid-based therapeutics. The cGMP facility located in Boulder, Colorado, USA, houses multiple suites enabling the manufacture of several products simultaneously. A broad range of synthesis and purification equipment allows for production for toxicology and preclinical use to late-stage clinical trials and commercial launch. Our latest cGMP facility located in Frederick, Colorado, has enabled us to more than double our clinical/commercial manufacturing capacity for nucleic acid-based therapeutics and construction is underway that will further double our capacity again. You can find out more about our Nucleic Acid Therapeutic solutions here: Oligonucleotide API Manufacturing | Agilent
Reporting to the Global Vice President of Workplace Services, you will be part of a progressive global function that combines internal expertise with global strategic suppliers to deliver a broad range of services and strategy that encompasses major construction projects, facilities management, security, Environmental Health and Safety, car fleet, and associated site services such as health and wellness. The role can be based at our sites in Frederick or Boulder, Colorado.
As part of the global WPS leadership team, you will be expected to provide cGMP experience and best practices to help support the broader organization and cGMP facilities outside of Colorado. While the primary focus is on our activities in Colorado, in future accountabilities may expand to other cGMP facilities in the world. You will have the aspiration to continue to grow your role within the US and internationally.
Working with our business leaders, you and your team will be accountable to deliver on our strategic intent:
Business enablement: Maintain infrastructure with no business disruptions; Anticipate/identify new demand and emerging requirements; Enable capacity expansion, support business ventures, execute large capital projects, ensure regulatory compliance; maintain impeccable documentation and controls to support a cGMP environment; identify and execute opportunities to improve environmental sustainability, represent WPS within the various executive management teams.
Employee Engagement: Ensure a safe and effective workplace; Provide a vibrant, collaborative and progressive workspace together with helpful amenities to help make Agilent a great place to work; Lead and promote environmental stewardship; Promote Agilent brand/culture through our real estate.
Operational leverage: Provide a best-in-class cost structure; Optimization of sites and space; Deliver One-Agilent leverage of assets, spend and suppliers; Provide a consistent approach to support and standards.
The salary range for this position in Boulder/Frederick, CO is $163,600 to $255,625 per year.
Additional variable pay and other benefits apply, see our benefits brochure: Benefits in Brief
opens a pdf file"
16,657,"Contract Technical Sourcer (Remote, Chicago, Dallas, or Louisville, KY)",Yum! Brands,United States,d9d83fadfd311f53,657,"Yum is seeking a Technical Sourcer to develop pipelines for assigned technical roles. You can work anywhere in the US and will need to work about 40 hours per week. This is a six-month contract to start but can be extended.

Responsibilities include but are not limited to:

Identify additional pipelines to bring in talent for assigned roles
Source high-quality candidates to support recruiters
Identify creative ways to attract and recruit hard to fill roles
Screen resumes and interviews candidates to determine basic qualifications

Desired Skills and Experience:

Previous experience in technical sourcing
Previous experience sourcing on LinkedIn and a demonstrated ability to employ other creative sourcing methods for higher-level technical roles
Ability to be innovative and drive diversity sourcing strategies using various tools
Superior organizational, analytical and critical thinking skills
Self-motivated and directed; the ability to collaborate is a must, but you will be autonomous and comfortable working independently
Strategic thinker with a knack for cultivatingcreativeideasthat challenge the status quo


The Yum! Brands story is simple. We have the three distinctive, relevant and easy global brands – KFC, Pizza Hut and Taco Bell - born from the hopes and dreams, ambitions and grit of passionate entrepreneurs. And we want more of this to create our future!

As the world’s largest restaurant company we have a clear and compelling mission: to build the world’s most love, trusted and fastest-growing restaurant brands. The key and not-so-secret ingredient in our recipe for growth is our unrivaled talent and culture, which fuels our results.

We’re looking for talented, motivated, visionary and team-oriented leaders to join us as we elevate and personalize the customer experience across our 48,000 restaurants, operating in 145 countries and territories around the world!

We put pizza, chicken and tacos in the hands of customers through customized ordering, unique delivery approaches, app experiences, and click and collect services and consumer data analytics creating unique customer dining experiences – and we are only getting started.

Employees may work for a single brandand potentially grow to support all company-owned brands depending on their role. Regardless of where they work, as a company opening an average of 8 restaurants a day worldwide, the growth opportunities are endless. Taco Bell has been named of the 10 Most Innovative Companies in the World by Fast Company; Pizza Hut delivers more pizzas than any other pizza company in the world and KFC’s still use its 75-year-old finger lickin’ good recipe including secret herbs and spices to hand-bread its chicken every day.

Yum! and its brands have offices inChicago, IL,Louisville KY, Irvine, CA,Plano, TXand other markets around the world. We don’t just say we are a great place to work – our commitments to the world and our employees show it. Yum! has been named to the Dow Jones Sustainability North America Index and ranked among the top 100 Best Corporate Citizens by Corporate Responsibility Magazine in addition to being named to the Bloomberg Gender-Equality Index. Our employees work in an environment where the value of “believe in all people” is lived every day, enjoying benefits including but not limited to: 4 weeks’ vacation PLUS holidays, sick leave and 2 paid days to volunteer at the cause of their choice and a dollar-for-dollar matching gift program; generous parental leave; competitive benefits including medical, dental, vision and life insurance as well as a 6% 401k match – all encompassed in Yum!’s world-famous recognition culture."
