,company_name
0,Gedeon GRC Consulting
1,California State University
2,"World Wide Technology, Inc."
3,EME Consulting Engineering Group
4,Indian Nations Council of Governments (INCOG)
5,Universal Leaf Tobacco Co. Inc.
6,"Studio School - Los Angeles, CA"
7,Epsten Group
8,"Home Innovation Research Labs, Inc."
9,Onward Energy
10,"Shenandoah Valley Organic, LLC"
11,ima Design
12,"City of Naples, FL"
13,Benson Hill
14,Cooper Carry
15,US Surface Transportation Board
16,"Land O’Lakes, Inc."
17,Virgin Hyperloop
18,US Architect of the Capitol
19,Common Ground Food Co-op
20,"Eastern Research Group, Inc."
21,"The Cadmus Group, Inc."
22,National Sustainable Agriculture Coalition
23,University of MO-Columbia
24,Goby Inc
25,Aspiration Partners
26,"Spirit Environmental, LLC"
27,Charlotte's Web
28,"City of Columbia, MO"
29,"Partner Energy, Inc."
30,"SI Group, Inc."
31,Hamer Environmental
32,Eiger Marketing
33,Rinker Design Associates
34,"Eastern Research Group, Inc."
35,Hamer Environmental
36,Lake Forest
37,University of Florida
38,Dedham
39,US Bureau of Land Management
40,"Land O’Lakes, Inc."
41,"Land O’Lakes, Inc."
42,Universal Leaf Tobacco Co. Inc.
43,Fisker Inc
44,Zeroshop.co
45,Fisker Inc
46,"The State Education Resource Center (SERC),"
47,The Earth Partners
48,"The State Education Resource Center (SERC),"
49,Cooper Carry
50,State of Washington Dept. of Commerce
51,Filoli Historic House and Garden
52,High Meadow Farm
53,Washington River Protection Solutions (WRPS)
54,GreenWorks Environmental
55,River Valley Market Llc
56,Goodfair
57,Cooper Carry
58,State of Washington Dept. of Commerce
59,Filoli Historic House and Garden
60,BRS
61,SLR Consulting
62,Fisker Inc
63,Benson Hill
64,"The Cadmus Group, Inc."
65,US Federal Highway Administration
66,DCR- Water Supply & Protection
67,Benson Hill
68,"The Cadmus Group, Inc."
69,Lufkin Industries
70,Summersalt
71,EBP US
72,"Meridian Consulting, LLC"
73,Altura Associates
74,The Rector & Visitors of the University of Virgini...
75,Hart-to-Hart Farm & Education Center
76,"Meridian Consulting, LLC"
77,"Land O’Lakes, Inc."
78,"PERIMETER SOLUTIONS, LP"
79,Diocese of Saginaw
80,ESC Polytech Consultants
81,Oneida ESC Group
82,Public Health Advocates
83,David Energy
84,Rinker Design Associates
85,Council of the Great Lakes Region
86,Rinker Design Associates
87,Council of the Great Lakes Region
88,UnitedHealth Group
89,"Counterpart International, Inc."
90,Northeastern University
91,Cleantech Group
92,US Surface Transportation Board
93,Essilor
94,River Valley Market Llc
95,Goodfair
96,"Land O’Lakes, Inc."
97,Umatilla County
98,"Sheladia Associates, Inc."
99,Goby Inc
100,LG Vehicle Components
101,GreenPrint
102,Hines
103,Planta
